-- Poblar la tabla Autor con 50 autores
INSERT INTO Autor (rut, nombre, email)
VALUES
('11537054-5', 'Juan Pérez', 'juan.perez@gmail.com'),
('7721536-0', 'María González', 'maria.gonzalez@gmail.com'),
('23129419-8', 'Carlos Rojas', 'carlos.rojas@gmail.com'),
('24389689-4', 'Ana Díaz', 'ana.diaz@gmail.com'),
('6626931-0', 'Luis Soto', 'luis.soto@gmail.com'),
('18129350-0', 'Sofía Contreras', 'sofia.contreras@gmail.com'),
('16584471-8', 'Pedro Silva', 'pedro.silva@gmail.com'),
('19370563-4', 'Javiera Martínez', 'javiera.martinez@gmail.com'),
('15586203-3', 'Andrés Sepúlveda', 'andres.sepulveda@gmail.com'),
('11295166-0', 'Camila Morales', 'camila.morales@gmail.com'),
('10354030-5', 'Diego Rodríguez', 'diego.rodriguez@gmail.com'),
('20389858-4', 'Valentina López', 'valentina.lopez@gmail.com'),
('14351480-3', 'Francisco Fuentes', 'francisco.fuentes@gmail.com'),
('24848500-0', 'Antonia Hernández', 'antonia.hernandez@gmail.com'),
('15770732-9', 'Matías Torres', 'matias.torres@gmail.com'),
('8159144-k', 'Isidora Araya', 'isidora.araya@gmail.com'),
('24381031-0', 'Sebastián Flores', 'sebastian.flores@gmail.com'),
('18862167-8', 'Fernanda Espinoza', 'fernanda.espinoza@gmail.com'),
('6151693-k', 'Nicolás Valenzuela', 'nicolas.valenzuela@gmail.com'),
('22758347-9', 'Constanza Castillo', 'constanza.castillo@gmail.com'),
('21070883-9', 'Benjamín Ramírez', 'benjamin.ramirez@gmail.com'),
('7250092-k', 'Martina Reyes', 'martina.reyes@gmail.com'),
('20443173-6', 'Vicente Gutiérrez', 'vicente.gutierrez@gmail.com'),
('21524024-k', 'Emilia Castro', 'emilia.castro@gmail.com'),
('12784711-8', 'Joaquín Vargas', 'joaquin.vargas@gmail.com'),
('11717028-4', 'Julieta Álvarez', 'julieta.alvarez@gmail.com'),
('12250473-5', 'Tomás Vásquez', 'tomas.vasquez@gmail.com'),
('14299631-6', 'Ignacia Tapia', 'ignacia.tapia@gmail.com'),
('19086228-3', 'Agustín Fernández', 'agustin.fernandez@gmail.com'),
('15495065-6', 'Florencia Sánchez', 'florencia.sanchez@gmail.com'),
('16958982-8', 'Maximiliano Carrasco', 'maximiliano.carrasco@gmail.com'),
('15508179-1', 'Amanda Gómez', 'amanda.gomez@gmail.com'),
('10922681-5', 'Cristóbal Cortés', 'cristobal.cortes@gmail.com'),
('6294110-3', 'Josefa Herrera', 'josefa.herrera@gmail.com'),
('21240939-1', 'Felipe Núñez', 'felipe.nunez@gmail.com'),
('10300942-1', 'Trinidad Jaramillo', 'trinidad.jaramillo@gmail.com'),
('7579633-1', 'Gabriel Miranda', 'gabriel.miranda@gmail.com'),
('18730136-k', 'Isabella Figueroa', 'isabella.figueroa@gmail.com'),
('8834065-5', 'Alonso Riquelme', 'alonso.riquelme@gmail.com'),
('11488158-9', 'Catalina Gracia', 'catalina.gracia@gmail.com'),
('21102704-5', 'Lucas Bravo', 'lucas.bravo@gmail.com'),
('21384878-k', 'Francisca Vera', 'francisca.vera@gmail.com'),
('11184968-4', 'Martín Molina', 'martin.molina@gmail.com'),
('16047569-2', 'Paz Vega', 'paz.vega@gmail.com'),
('7851907-k', 'Renato Campos', 'renato.campos@gmail.com'),
('19040001-8', 'Renata Saavedra', 'renata.saavedra@gmail.com'),
('14478233-k', 'Bastián Orellana', 'bastian.orellana@gmail.com'),
('5142618-5', 'Elena San Martín', 'elena.sanmartin@gmail.com'),
('13897445-6', 'Daniel Olivares', 'daniel.olivares@gmail.com'),
('19234720-3', 'Laura Muñoz', 'laura.munoz@gmail.com');

-- Poblar la tabla Revisor con 50 revisores
INSERT INTO Revisor (rut, nombre, email)
VALUES
('13605327-2', 'Elena Muñoz', 'elena.munoz@gmail.com'),
('12652301-7', 'Daniel Silva', 'daniel.silva@gmail.com'),
('7740124-5', 'Laura Soto', 'laura.soto@gmail.com'),
('23539924-5', 'Miguel Contreras', 'miguel.contreras@gmail.com'),
('7741329-4', 'Carmen Rojas', 'carmen.rojas@gmail.com'),
('11091401-6', 'Roberto Díaz', 'roberto.diaz@gmail.com'),
('24845027-4', 'Paula Martínez', 'paula.martinez@gmail.com'),
('9960821-8', 'Jorge Sepúlveda', 'jorge.sepulveda@gmail.com'),
('21645140-6', 'Valeria Morales', 'valeria.morales@gmail.com'),
('16398568-3', 'Ricardo Rodríguez', 'ricardo.rodriguez@gmail.com'),
('5942274-k', 'Mónica López', 'monica.lopez@gmail.com'),
('7870050-5', 'Fernando Fuentes', 'fernando.fuentes@gmail.com'),
('5620137-8', 'Verónica Hernández', 'veronica.hernandez@gmail.com'),
('17909089-9', 'Cristian Torres', 'cristian.torres@gmail.com'),
('11825198-9', 'Patricia Araya', 'patricia.araya@gmail.com'),
('20784349-0', 'Eduardo Flores', 'eduardo.flores@gmail.com'),
('21359976-3', 'Marcela Espinoza', 'marcela.espinoza@gmail.com'),
('24090001-7', 'Alberto Valenzuela', 'alberto.valenzuela@gmail.com'),
('24901227-0', 'Gloria Castillo', 'gloria.castillo@gmail.com'),
('11702926-3', 'Sergio Ramírez', 'sergio.ramirez@gmail.com'),
('17407006-7', 'Claudia Reyes', 'claudia.reyes@gmail.com'),
('14561899-1', 'Patricio Gutiérrez', 'patricio.gutierrez@gmail.com'),
('8862025-9', 'Andrea Castro', 'andrea.castro@gmail.com'),
('24339146-6', 'Manuel Vargas', 'manuel.vargas@gmail.com'),
('24041569-0', 'Rosa Álvarez', 'rosa.alvarez@gmail.com'),
('22422439-7', 'Héctor Vásquez', 'hector.vasquez@gmail.com'),
('19216307-2', 'Sandra Tapia', 'sandra.tapia@gmail.com'),
('9576208-5', 'Mario Fernández', 'mario.fernandez@gmail.com'),
('5389830-0', 'Beatriz Sánchez', 'beatriz.sanchez@gmail.com'),
('18265688-7', 'Jaime Carrasco', 'jaime.carrasco@gmail.com'),
('24344733-k', 'Teresa Gómez', 'teresa.gomez@gmail.com'),
('12540597-5', 'Raúl Cortés', 'raul.cortes@gmail.com'),
('21264788-8', 'Ximena Herrera', 'ximena.herrera@gmail.com'),
('7014610-k', 'César Núñez', 'cesar.nunez@gmail.com'),
('21914128-9', 'Natalia Salas', 'natalia.salas@gmail.com'),
('8093269-3', 'Víctor Miranda', 'victor.miranda@gmail.com'),
('13708146-6', 'Lorena Figueroa', 'lorena.figueroa@gmail.com'),
('10674802-0', 'Hugo Riquelme', 'hugo.riquelme@gmail.com'),
('20815580-6', 'Daniela García', 'daniela.garcia@gmail.com'),
('19097926-1', 'Alejandro Bravo', 'alejandro.bravo@gmail.com'),
('12024674-7', 'Fabiola Vera', 'fabiola.vera@gmail.com'),
('9915954-5', 'Gonzalo Molina', 'gonzalo.molina@gmail.com'),
('8924300-9', 'Macarena Vega', 'macarena.vega@gmail.com'),
('16921935-4', 'Claudio Campos', 'claudio.campos@gmail.com'),
('24427948-1', 'Paulina Sandoval', 'paulina.sandoval@gmail.com'),
('17787760-3', 'Rodrigo Orellana', 'rodrigo.orellana@gmail.com'),
('24655373-4', 'Carolina Zúñiga', 'carolina.zuniga@gmail.com'),
('22612576-0', 'Gustavo Olivares', 'gustavo.olivares@gmail.com'),
('20104299-2', 'Pamela Pérez', 'pamela.perez@gmail.com'),
('9096963-3', 'Mauricio González', 'mauricio.gonzalez@gmail.com');

-- Poblar la tabla Articulo con 400 artículos
INSERT INTO Articulo (id, titulo, fechaEnvio, resumen)
VALUES
(1, 'Introducción a Bases de datos', '2023-01-15', 'Resumen conciso sobre los fundamentos y principios clave de Bases de datos.'),
(2, 'Avances Recientes en Análisis de sistemas', '2023-01-20', 'Exploración de las últimas innovaciones y desarrollos en el campo de Análisis de sistemas.'),
(3, 'Aplicaciones Prácticas de Estadística', '2023-01-25', 'Análisis de casos de uso reales y cómo Estadística resuelve problemas específicos.'),
(4, 'Desafíos y Oportunidades en Inteligencia Artificial', '2023-02-01', 'Discusión sobre los retos actuales y las futuras direcciones de investigación en Inteligencia Artificial.'),
(5, 'Optimización de Procesos con Redes de computadoras', '2023-02-05', 'Presentación de técnicas para mejorar la eficiencia y rendimiento utilizando Redes de computadoras.'),
(6, 'Estudio Comparativo sobre Seguridad informática', '2023-02-10', 'Comparativa de diferentes enfoques o herramientas relacionadas con Seguridad informática.'),
(7, 'Seguridad en Desarrollo de software', '2023-02-15', 'Evaluación de las consideraciones de seguridad relevantes para Desarrollo de software.'),
(8, 'El Impacto de Gestión de proyectos en la Industria', '2023-02-20', 'Revisión del papel transformador de Gestión de proyectos en diversos sectores industriales.'),
(9, 'Fundamentos de Sistemas distribuidos', '2023-02-25', 'Este artículo explora los conceptos básicos y la arquitectura esencial de Sistemas distribuidos.'),
(10, 'Computación en la nube: Un Nuevo Paradigma', '2023-03-01', 'Análisis sobre cómo Computación en la nube está cambiando el desarrollo y despliegue de aplicaciones.'),
(11, 'Machine Learning para Principiantes', '2023-03-05', 'Guía introductoria a los algoritmos y técnicas fundamentales de Machine Learning.'),
(12, 'El Poder del Big Data en la Toma de Decisiones', '2023-03-10', 'Exploración del uso de Big Data para obtener insights y mejorar estrategias empresariales.'),
(13, 'Blockchain: Más allá de las Criptomonedas', '2023-03-15', 'Discusión sobre las diversas aplicaciones de la tecnología Blockchain en diferentes industrias.'),
(14, 'IoT (Internet de las cosas): Conectando el Mundo Físico', '2023-03-20', 'Visión general de la arquitectura, protocolos y desafíos de IoT (Internet de las cosas).'),
(15, 'Introducción a la Computación cuántica', '2023-03-25', 'Explorando los principios básicos y el potencial futuro de la Computación cuántica.'),
(16, 'Mejores Prácticas en Interfaces de usuario', '2023-04-01', 'Recomendaciones para diseñar Interfaces de usuario intuitivas, eficientes y atractivas.'),
(17, 'Evolución de la Arquitectura de computadoras', '2023-04-05', 'Un recorrido histórico por los cambios y avances en la Arquitectura de computadoras.'),
(18, 'Conceptos Clave de Sistemas operativos', '2023-04-10', 'Resumen de las funciones principales y tipos de Sistemas operativos modernos.'),
(19, 'Algoritmos y estructuras de datos Esenciales', '2023-04-15', 'Revisión de Algoritmos y estructuras de datos fundamentales para todo programador.'),
(20, 'Técnicas de Optimización de software', '2023-04-20', 'Presentación de métodos para mejorar el rendimiento y la eficiencia del Optimización de software.'),
(21, 'Investigación operativa Aplicada a la Logística', '2023-04-25', 'Cómo la Investigación operativa se utiliza para resolver problemas complejos de la cadena de suministro.'),
(22, 'Herramientas Modernas para Análisis de datos', '2023-05-01', 'Descripción general de las plataformas y bibliotecas más populares para el Análisis de datos.'),
(23, 'Automatización Inteligente de Procesos (IPA)', '2023-05-05', 'Explorando cómo la Automatización combinada con IA está transformando las operaciones.'),
(24, 'Desafíos en Programación concurrente', '2023-05-10', 'Análisis de los problemas comunes como condiciones de carrera y deadlocks en Programación concurrente.'),
(25, 'El Futuro de la Realidad virtual', '2023-05-15', 'Predicciones y tendencias sobre el desarrollo y adopción de la tecnología de Realidad virtual.'),
(26, 'Aplicaciones de Visión por computadora en Medicina', '2023-05-20', 'Estudio de cómo la Visión por computadora asiste en el diagnóstico y tratamiento médico.'),
(27, 'Avances en Procesamiento de lenguaje natural', '2023-05-25', 'Revisión de las últimas técnicas como Transformers en el Procesamiento de lenguaje natural.'),
(28, 'Entrenamiento de Redes neuronales: Guía Práctica', '2023-06-01', 'Consejos y trucos para un entrenamiento efectivo y eficiente de Redes neuronales.'),
(29, 'Estrategias Proactivas de Ciberseguridad', '2023-06-05', 'Enfoques para anticipar y mitigar amenazas antes de que impacten los sistemas de Ciberseguridad.'),
(30, 'Frameworks Populares para Desarrollo web', '2023-06-10', 'Comparativa entre React, Angular y Vue para el Desarrollo web moderno.'),
(31, 'Principios SOLID en Programación orientada a objetos', '2023-06-15', 'Explicación detallada de los cinco principios SOLID para un diseño robusto en Programación orientada a objetos.'),
(32, 'Modelos Avanzados de Bases de datos', '2023-06-20', 'Exploración de modelos NoSQL y NewSQL en el contexto de Bases de datos modernas.'),
(33, 'Metodologías Ágiles en Análisis de sistemas', '2023-06-25', 'Aplicación de Scrum y Kanban en el ciclo de vida del Análisis de sistemas.'),
(34, 'Inferencia Bayesiana en Estadística', '2023-07-01', 'Introducción a los métodos bayesianos y su aplicación práctica en Estadística.'),
(35, 'Ética y Responsabilidad en Inteligencia Artificial', '2023-07-05', 'Debate sobre los dilemas éticos y la necesidad de regulación en Inteligencia Artificial.'),
(36, 'Protocolos de Enrutamiento en Redes de computadoras', '2023-07-10', 'Análisis comparativo de protocolos como OSPF, BGP y EIGRP en Redes de computadoras.'),
(37, 'Pentesting y Hacking Ético en Seguridad informática', '2023-07-15', 'Metodologías y herramientas para evaluar vulnerabilidades en Seguridad informática.'),
(38, 'Patrones de Diseño en Desarrollo de software', '2023-07-20', 'Revisión de patrones creacionales, estructurales y de comportamiento en Desarrollo de software.'),
(39, 'Gestión de Riesgos en Gestión de proyectos', '2023-07-25', 'Técnicas para identificar, evaluar y mitigar riesgos en la Gestión de proyectos de TI.'),
(40, 'Consistencia y Replicación en Sistemas distribuidos', '2023-08-01', 'Análisis de modelos de consistencia y estrategias de replicación en Sistemas distribuidos.'),
(41, 'Arquitecturas Serverless en Computación en la nube', '2023-08-05', 'Ventajas y desventajas de las arquitecturas sin servidor en la Computación en la nube.'),
(42, 'Deep Learning: Fundamentos de Machine Learning', '2023-08-10', 'Introducción a las redes neuronales profundas y sus aplicaciones en Machine Learning.'),
(43, 'Procesamiento de Streams en Big Data', '2023-08-15', 'Herramientas y técnicas para el análisis en tiempo real de grandes volúmenes de Big Data.'),
(44, 'Contratos Inteligentes en Blockchain', '2023-08-20', 'Desarrollo y aplicación de contratos inteligentes sobre plataformas Blockchain.'),
(45, 'Seguridad y Privacidad en IoT (Internet de las cosas)', '2023-08-25', 'Abordando los desafíos de seguridad inherentes a los dispositivos IoT (Internet de las cosas).'),
(46, 'Algoritmos Cuánticos Notables', '2023-09-01', 'Descripción de algoritmos como Shor y Grover en el campo de la Computación cuántica.'),
(47, 'Diseño Centrado en el Usuario para Interfaces de usuario', '2023-09-05', 'Metodología para crear Interfaces de usuario basadas en las necesidades y feedback del usuario.'),
(48, 'Microarquitecturas Modernas en Arquitectura de computadoras', '2023-09-10', 'Exploración de conceptos como ejecución fuera de orden y predicción de saltos en Arquitectura de computadoras.'),
(49, 'Virtualización y Contenedores en Sistemas operativos', '2023-09-15', 'Comparativa entre máquinas virtuales y contenedores (Docker, Kubernetes) en Sistemas operativos.'),
(50, 'Análisis de Complejidad de Algoritmos y estructuras de datos', '2023-09-20', 'Cómo medir la eficiencia temporal y espacial de Algoritmos y estructuras de datos.'),
(51, 'Heurísticas y Metaheurísticas en Optimización de software', '2023-09-25', 'Uso de algoritmos aproximados para problemas complejos en Optimización de software.'),
(52, 'Simulación de Sistemas en Investigación operativa', '2023-10-01', 'Modelado y simulación de eventos discretos aplicado a la Investigación operativa.'),
(53, 'Visualización de Datos para Análisis de datos', '2023-10-05', 'Técnicas y herramientas para representar visualmente insights del Análisis de datos.'),
(54, 'Robotic Process Automation (RPA) en Automatización', '2023-10-10', 'Implementación de RPA para tareas repetitivas y basadas en reglas en Automatización.'),
(55, 'Modelos de Memoria en Programación concurrente', '2023-10-15', 'Entendiendo cómo diferentes arquitecturas manejan la memoria compartida en Programación concurrente.'),
(56, 'Interacción Humano-Computadora en Realidad virtual', '2023-10-20', 'Diseño de interfaces y métodos de interacción inmersiva en Realidad virtual.'),
(57, 'Reconocimiento de Objetos en Visión por computadora', '2023-10-25', 'Técnicas clásicas y modernas (Deep Learning) para el reconocimiento en Visión por computadora.'),
(58, 'Modelos de Lenguaje Grandes (LLMs) en Procesamiento de lenguaje natural', '2023-11-01', 'Funcionamiento y aplicaciones de modelos como GPT y BERT en Procesamiento de lenguaje natural.'),
(59, 'Arquitecturas de Redes neuronales Convolucionales (CNN)', '2023-11-05', 'Estudio de arquitecturas como LeNet, AlexNet, VGG en Redes neuronales para visión.'),
(60, 'Respuesta a Incidentes en Ciberseguridad', '2023-11-10', 'Planificación y ejecución de la respuesta ante brechas de seguridad en Ciberseguridad.'),
(61, 'Desarrollo Backend con Node.js en Desarrollo web', '2023-11-15', 'Creación de APIs RESTful utilizando Node.js y Express para Desarrollo web.'),
(62, 'Inyección de Dependencias en Programación orientada a objetos', '2023-11-20', 'Cómo aplicar el principio de inversión de dependencias en Programación orientada a objetos.'),
(63, 'Indexación y Optimización de Consultas en Bases de datos', '2023-11-25', 'Técnicas para acelerar la recuperación de información en Bases de datos relacionales.'),
(64, 'Ingeniería de Requisitos en Análisis de sistemas', '2023-12-01', 'Métodos para la elicitación, análisis y documentación de requisitos en Análisis de sistemas.'),
(65, 'Pruebas de Hipótesis en Estadística', '2023-12-05', 'Procedimientos para tomar decisiones basadas en evidencia muestral en Estadística.'),
(66, 'Aprendizaje por Refuerzo en Inteligencia Artificial', '2023-12-10', 'Conceptos y algoritmos clave del aprendizaje basado en recompensas en Inteligencia Artificial.'),
(67, 'Redes Definidas por Software (SDN) en Redes de computadoras', '2023-12-15', 'Arquitectura y beneficios de separar el plano de control y datos en Redes de computadoras.'),
(68, 'Criptografía Aplicada en Seguridad informática', '2023-12-20', 'Uso de algoritmos simétricos, asimétricos y hash en Seguridad informática.'),
(69, 'Pruebas Unitarias y TDD en Desarrollo de software', '2024-01-05', 'Importancia de las pruebas automatizadas y el Desarrollo Guiado por Pruebas (TDD).'),
(70, 'Estimación de Esfuerzo en Gestión de proyectos', '2024-01-10', 'Técnicas como Puntos de Función y COCOMO para la estimación en Gestión de proyectos.'),
(71, 'Tolerancia a Fallos en Sistemas distribuidos', '2024-01-15', 'Estrategias para mantener la operatividad ante fallos de nodos o red en Sistemas distribuidos.'),
(72, 'Monitorización y Orquestación en Computación en la nube', '2024-01-20', 'Herramientas como Prometheus, Grafana y Kubernetes en la Computación en la nube.'),
(73, 'Aprendizaje No Supervisado en Machine Learning', '2024-01-25', 'Algoritmos de clustering (K-Means) y reducción de dimensionalidad (PCA) en Machine Learning.'),
(74, 'Data Warehousing y ETL en Big Data', '2024-01-30', 'Diseño de almacenes de datos y procesos de Extracción, Transformación y Carga en Big Data.'),
(75, 'Casos de Uso Empresariales de Blockchain', '2024-02-04', 'Aplicaciones de Blockchain en la cadena de suministro, finanzas y registros.'),
(76, 'Plataformas de Desarrollo para IoT (Internet de las cosas)', '2024-02-09', 'Comparativa de plataformas como AWS IoT, Azure IoT Hub y Google Cloud IoT.'),
(77, 'Hardware para Computación cuántica', '2024-02-14', 'Exploración de las diferentes tecnologías de qubits (superconductores, iones atrapados).'),
(78, 'Accesibilidad Web (WCAG) en Interfaces de usuario', '2024-02-19', 'Pautas para asegurar que las Interfaces de usuario sean utilizables por todos.'),
(79, 'Sistemas de Memoria en Arquitectura de computadoras', '2024-02-24', 'Jerarquía de memoria (cachés, RAM, disco) y memoria virtual en Arquitectura de computadoras.'),
(80, 'Gestión de Procesos y Threads en Sistemas operativos', '2024-02-29', 'Cómo los Sistemas operativos administran la ejecución de programas y tareas concurrentes.'),
(81, 'Algoritmos de Grafos en Algoritmos y estructuras de datos', '2024-03-05', 'Recorridos (BFS, DFS), caminos mínimos (Dijkstra) y árboles de expansión mínima.'),
(82, 'Profiling y Debugging en Optimización de software', '2024-03-10', 'Herramientas y técnicas para identificar cuellos de botella y errores en el código.'),
(83, 'Programación Lineal en Investigación operativa', '2024-03-15', 'Formulación y resolución de problemas de optimización lineal en Investigación operativa.'),
(84, 'Minería de Datos (Data Mining) en Análisis de datos', '2024-03-20', 'Técnicas para descubrir patrones y conocimiento oculto en grandes conjuntos de Análisis de datos.'),
(85, 'Automatización de Pruebas de Software', '2024-03-25', 'Frameworks y herramientas para automatizar pruebas funcionales y de regresión.'),
(86, 'Sincronización en Programación concurrente', '2024-03-30', 'Uso de semáforos, mutex y monitores para coordinar el acceso a recursos compartidos.'),
(87, 'Realidad Aumentada (AR) vs. Realidad virtual (VR)', '2024-04-04', 'Diferencias clave, tecnologías y aplicaciones de AR y Realidad virtual.'),
(88, 'Segmentación de Imágenes en Visión por computadora', '2024-04-09', 'Métodos para particionar una imagen en regiones significativas en Visión por computadora.'),
(89, 'Análisis de Sentimientos en Procesamiento de lenguaje natural', '2024-04-14', 'Técnicas para determinar la polaridad (positiva, negativa, neutra) de un texto.'),
(90, 'Redes Neuronales Recurrentes (RNN) y LSTM', '2024-04-19', 'Arquitecturas de Redes neuronales para procesar secuencias de datos (texto, series temporales).'),
(91, 'Gestión de Identidad y Acceso (IAM) en Ciberseguridad', '2024-04-24', 'Principios y tecnologías para controlar quién accede a qué recursos en Ciberseguridad.'),
(92, 'Desarrollo Frontend con React en Desarrollo web', '2024-04-29', 'Creación de interfaces de usuario interactivas y componentes reutilizables con React.'),
(93, 'Refactorización de Código en Programación orientada a objetos', '2024-05-04', 'Técnicas para mejorar la estructura y legibilidad del código sin cambiar su comportamiento.'),
(94, 'Transacciones ACID en Bases de datos', '2024-05-09', 'Garantizando la atomicidad, consistencia, aislamiento y durabilidad en Bases de datos.'),
(95, 'Modelado de Procesos de Negocio (BPMN) en Análisis de sistemas', '2024-05-14', 'Notación estándar para visualizar y documentar flujos de trabajo en Análisis de sistemas.'),
(96, 'Regresión Logística en Estadística', '2024-05-19', 'Modelo estadístico para predecir resultados binarios basado en variables predictoras.'),
(97, 'Explicabilidad (XAI) en Inteligencia Artificial', '2024-05-24', 'Técnicas para entender y explicar las decisiones tomadas por modelos de Inteligencia Artificial.'),
(98, 'Calidad de Servicio (QoS) en Redes de computadoras', '2024-05-29', 'Mecanismos para priorizar tráfico y garantizar niveles de rendimiento en Redes de computadoras.'),
(99, 'Análisis Forense Digital en Seguridad informática', '2024-06-03', 'Proceso de recolección y análisis de evidencia digital tras un incidente de Seguridad informática.'),
(100, 'Integración Continua y Despliegue Continuo (CI/CD)', '2024-06-08', 'Automatización del ciclo de vida del Desarrollo de software desde la codificación hasta producción.'),
(101, 'Metodologías Ágiles (Scrum, Kanban) en Gestión de proyectos', '2024-06-13', 'Comparativa y aplicación de frameworks ágiles en la Gestión de proyectos de TI.'),
(102, 'Algoritmos de Consenso en Sistemas distribuidos (Paxos, Raft)', '2024-06-18', 'Exploración de cómo lograr acuerdos en entornos no confiables en Sistemas distribuidos.'),
(103, 'Seguridad en la Computación en la nube: Mejores Prácticas', '2024-06-23', 'Guía sobre cómo proteger datos y aplicaciones en entornos de Computación en la nube.'),
(104, 'Evaluación de Modelos en Machine Learning', '2024-06-28', 'Métricas y técnicas para medir el rendimiento de modelos de Machine Learning (precisión, recall, F1).'),
(105, 'Lagos de Datos (Data Lakes) vs. Almacenes de Datos (DWH) en Big Data', '2024-07-03', 'Diferencias conceptuales y casos de uso para lagos y almacenes en Big Data.'),
(106, 'Privacidad y Anonimato en Blockchain', '2024-07-08', 'Análisis de técnicas como zk-SNARKs y mixers para mejorar la privacidad en Blockchain.'),
(107, 'Edge Computing en el Ecosistema IoT (Internet de las cosas)', '2024-07-13', 'Procesamiento de datos más cerca de la fuente en aplicaciones de IoT (Internet de las cosas).'),
(108, 'Corrección de Errores Cuánticos en Computación cuántica', '2024-07-18', 'Desafíos y enfoques para mantener la coherencia de los qubits en Computación cuántica.'),
(109, 'Pruebas de Usabilidad para Interfaces de usuario', '2024-07-23', 'Métodos para evaluar qué tan fácil y efectivo es usar Interfaces de usuario.'),
(110, 'Paralelismo a Nivel de Instrucción (ILP) en Arquitectura de computadoras', '2024-07-28', 'Técnicas como pipelining y ejecución superescalar en Arquitectura de computadoras.'),
(111, 'Sistemas de Archivos Distribuidos (DFS) en Sistemas operativos', '2024-08-02', 'Conceptos detrás de HDFS, NFS y otros sistemas para almacenar datos en red.'),
(112, 'Algoritmos de Ordenamiento: Comparativa de Rendimiento', '2024-08-07', 'Análisis de eficiencia (Bubble Sort, Quick Sort, Merge Sort) en Algoritmos y estructuras de datos.'),
(113, 'Optimización del Consumo de Memoria en Optimización de software', '2024-08-12', 'Estrategias para reducir la huella de memoria de las aplicaciones en Optimización de software.'),
(114, 'Teoría de Colas en Investigación operativa', '2024-08-17', 'Modelado matemático de sistemas de espera para optimizar recursos en Investigación operativa.'),
(115, 'Análisis Exploratorio de Datos (EDA) en Análisis de datos', '2024-08-22', 'Pasos iniciales cruciales para comprender la estructura y patrones en Análisis de datos.'),
(116, 'Orquestación de Contenedores (Kubernetes) en Automatización', '2024-08-27', 'Gestión, escalado y despliegue de aplicaciones contenerizadas con Kubernetes.'),
(117, 'Programación Reactiva en Programación concurrente', '2024-09-01', 'Paradigma para manejar flujos de datos asíncronos de manera eficiente en Programación concurrente.'),
(118, 'Renderizado y Gráficos por Computadora en Realidad virtual', '2024-09-06', 'Técnicas para generar imágenes realistas y de alto rendimiento para Realidad virtual.'),
(119, 'Detección de Anomalías en Visión por computadora', '2024-09-11', 'Identificación de objetos o patrones inusuales en imágenes o videos usando Visión por computadora.'),
(120, 'Traducción Automática Neuronal (NMT) en Procesamiento de lenguaje natural', '2024-09-16', 'Uso de redes neuronales profundas para mejorar la calidad de la traducción automática.'),
(121, 'Redes Adversarias Generativas (GANs) en Redes neuronales', '2024-09-21', 'Arquitectura y aplicaciones de GANs para generar datos sintéticos realistas.'),
(122, 'Inteligencia de Amenazas (Threat Intelligence) en Ciberseguridad', '2024-09-26', 'Recopilación y análisis de información sobre amenazas para mejorar la postura de Ciberseguridad.'),
(123, 'APIs RESTful vs GraphQL en Desarrollo web', '2024-10-01', 'Comparativa entre dos enfoques populares para construir APIs en Desarrollo web.'),
(124, 'Polimorfismo y Herencia en Programación orientada a objetos', '2024-10-06', 'Conceptos fundamentales para la reutilización de código y flexibilidad en Programación orientada a objetos.'),
(125, 'Bases de datos NoSQL: Tipos y Casos de Uso', '2024-10-11', 'Explorando bases de datos documentales, clave-valor, columnares y de grafos.'),
(126, 'Análisis y Diseño Orientado a Objetos (OOAD) en Análisis de sistemas', '2024-10-16', 'Metodología para modelar sistemas utilizando conceptos de objetos y clases.'),
(127, 'Análisis de Series Temporales en Estadística', '2024-10-21', 'Técnicas para modelar y predecir datos que varían con el tiempo en Estadística.'),
(128, 'Robótica e Inteligencia Artificial: Sinergias', '2024-10-26', 'Cómo la Inteligencia Artificial potencia las capacidades de los sistemas robóticos autónomos.'),
(129, 'Seguridad en Redes Inalámbricas (Wi-Fi) en Redes de computadoras', '2024-10-31', 'Protocolos (WPA2, WPA3) y vulnerabilidades comunes en Redes de computadoras Wi-Fi.'),
(130, 'Gestión de Vulnerabilidades en Seguridad informática', '2024-11-05', 'Proceso continuo de identificación, evaluación y remediación de debilidades en Seguridad informática.'),
(131, 'Arquitecturas de Microservicios en Desarrollo de software', '2024-11-10', 'Diseño de aplicaciones como un conjunto de servicios pequeños e independientes.'),
(132, 'Gestión del Alcance en Gestión de proyectos', '2024-11-15', 'Definición, control y validación del trabajo incluido en un proyecto.'),
(133, 'Comunicación Interprocesos (IPC) en Sistemas distribuidos', '2024-11-20', 'Mecanismos como RPC, colas de mensajes y memoria compartida en Sistemas distribuidos.'),
(134, 'Computación Confidencial en Computación en la nube', '2024-11-25', 'Protección de datos en uso mediante enclaves seguros en la Computación en la nube.'),
(135, 'Transfer Learning en Machine Learning', '2024-11-30', 'Reutilización de modelos pre-entrenados para acelerar el desarrollo en Machine Learning.'),
(136, 'Gobernanza de Datos en Big Data', '2024-12-05', 'Políticas y procesos para asegurar la calidad, seguridad y cumplimiento de los Big Data.'),
(137, 'Interoperabilidad entre Blockchains', '2024-12-10', 'Desafíos y soluciones para conectar y comunicar diferentes redes Blockchain.'),
(138, 'Protocolos de Comunicación para IoT (MQTT, CoAP)', '2024-12-15', 'Estándares ligeros para la comunicación eficiente de dispositivos IoT (Internet de las cosas).'),
(139, 'Simulación de Algoritmos Cuánticos', '2024-12-20', 'Uso de computadoras clásicas para simular y probar algoritmos de Computación cuántica.'),
(140, 'Diseño de Experiencia de Usuario (UX) vs. Interfaces de usuario (UI)', '2024-12-25', 'Aclarando las diferencias y la relación entre UX y diseño de Interfaces de usuario.'),
(141, 'Arquitecturas RISC vs CISC en Arquitectura de computadoras', '2025-01-01', 'Comparativa entre conjuntos de instrucciones reducidos y complejos en Arquitectura de computadoras.'),
(142, 'Planificación de CPU en Sistemas operativos', '2025-01-06', 'Algoritmos (FCFS, SJF, Round Robin) para decidir qué proceso ejecutar en Sistemas operativos.'),
(143, 'Hashing y Tablas Hash en Algoritmos y estructuras de datos', '2025-01-11', 'Técnicas para almacenamiento y recuperación eficiente de datos usando Algoritmos y estructuras de datos.'),
(144, 'Optimización Guiada por Perfil (PGO) en Optimización de software', '2025-01-16', 'Uso de datos de ejecución para mejorar las decisiones del compilador en Optimización de software.'),
(145, 'Optimización Multiobjetivo en Investigación operativa', '2025-01-21', 'Enfoques para resolver problemas con múltiples criterios conflictivos en Investigación operativa.'),
(146, 'Storytelling con Datos en Análisis de datos', '2025-01-26', 'Comunicación efectiva de hallazgos a través de narrativas visuales en Análisis de datos.'),
(147, 'Automatización de Infraestructura como Código (IaC)', '2025-01-31', 'Gestión y aprovisionamiento de infraestructura mediante código (Terraform, Ansible).'),
(148, 'Actores y CSP en Programación concurrente', '2025-02-05', 'Modelos alternativos para manejar la concurrencia basados en mensajes y procesos.'),
(149, 'Seguimiento de Movimiento (Tracking) en Realidad virtual', '2025-02-10', 'Tecnologías para rastrear la posición y orientación del usuario en Realidad virtual.'),
(150, 'Extracción de Características en Visión por computadora', '2025-02-15', 'Identificación de puntos, bordes y texturas relevantes en imágenes para Visión por computadora.'),
(151, 'Sistemas de Diálogo y Chatbots en Procesamiento de lenguaje natural', '2025-02-20', 'Diseño e implementación de agentes conversacionales usando Procesamiento de lenguaje natural.'),
(152, 'Optimización de Hiperparámetros en Redes neuronales', '2025-02-25', 'Técnicas (Grid Search, Random Search, Bayesiana) para encontrar la mejor configuración.'),
(153, 'Seguridad en Aplicaciones Web (OWASP Top 10) en Ciberseguridad', '2025-03-02', 'Conocimiento y mitigación de las vulnerabilidades web más críticas en Ciberseguridad.'),
(154, 'Progressive Web Apps (PWAs) en Desarrollo web', '2025-03-07', 'Creación de experiencias web similares a aplicaciones nativas para Desarrollo web.'),
(155, 'Principios GRASP en Programación orientada a objetos', '2025-03-12', 'Guías para asignar responsabilidades a objetos de manera efectiva en Programación orientada a objetos.'),
(156, 'Replicación y Alta Disponibilidad en Bases de datos', '2025-03-17', 'Estrategias para asegurar la continuidad del servicio en Bases de datos.'),
(157, 'Casos de Uso y Diagramas de Actividad (UML) en Análisis de sistemas', '2025-03-22', 'Modelado del comportamiento funcional del sistema en Análisis de sistemas.'),
(158, 'Diseño de Experimentos (DOE) en Estadística', '2025-03-27', 'Planificación eficiente de experimentos para obtener conclusiones válidas en Estadística.'),
(159, 'Inteligencia Artificial General (AGI): ¿Mito o Realidad?', '2025-04-01', 'Discusión sobre la posibilidad y los desafíos de crear una Inteligencia Artificial similar a la humana.'),
(160, 'Virtualización de Funciones de Red (NFV) en Redes de computadoras', '2025-04-06', 'Desacoplamiento de funciones de red del hardware subyacente en Redes de computadoras.'),
(161, 'Seguridad Física y Controles de Acceso en Seguridad informática', '2025-04-11', 'Protección de centros de datos y equipos como parte de la Seguridad informática integral.'),
(162, 'Calidad del Código y Métricas en Desarrollo de software', '2025-04-16', 'Medición de la complejidad ciclomática, acoplamiento y cohesión en Desarrollo de software.'),
(163, 'Gestión de Stakeholders en Gestión de proyectos', '2025-04-21', 'Identificación y manejo de las expectativas de los interesados en la Gestión de proyectos.'),
(164, 'Middleware en Sistemas distribuidos', '2025-04-26', 'Capas de software que facilitan la comunicación y gestión en Sistemas distribuidos.'),
(165, 'Migración a la Computación en la nube: Estrategias y Retos', '2025-05-01', 'Planificación y ejecución del traslado de aplicaciones e infraestructura a la nube.'),
(166, 'Aprendizaje Semi-Supervisado en Machine Learning', '2025-05-06', 'Aprovechamiento de datos etiquetados y no etiquetados para entrenar modelos de Machine Learning.'),
(167, 'Arquitecturas Lambda y Kappa en Big Data', '2025-05-11', 'Enfoques para combinar procesamiento por lotes y en tiempo real en Big Data.'),
(168, 'Oráculos en Blockchain: Conectando al Mundo Real', '2025-05-16', 'Servicios que proporcionan datos externos a los contratos inteligentes en Blockchain.'),
(169, 'Redes LPWAN (LoRaWAN, Sigfox) para IoT (Internet de las cosas)', '2025-05-21', 'Tecnologías de red de bajo consumo y largo alcance para IoT (Internet de las cosas).'),
(170, 'Lenguajes de Programación para Computación cuántica (Qiskit, Cirq)', '2025-05-26', 'Herramientas y SDKs para desarrollar y ejecutar algoritmos cuánticos.'),
(171, 'Sistemas de Diseño (Design Systems) en Interfaces de usuario', '2025-05-31', 'Creación de bibliotecas de componentes y guías para consistencia en Interfaces de usuario.'),
(172, 'Computación Heterogénea (CPU + GPU) en Arquitectura de computadoras', '2025-06-05', 'Uso combinado de diferentes tipos de procesadores para optimizar tareas específicas.'),
(173, 'Gestión de Memoria en Sistemas operativos', '2025-06-10', 'Técnicas como paginación y segmentación para administrar la memoria RAM.'),
(174, 'Árboles B y B+ en Algoritmos y estructuras de datos', '2025-06-15', 'Estructuras de datos eficientes para indexación en bases de datos y sistemas de archivos.'),
(175, 'Optimización de Bucles en Optimización de software', '2025-06-20', 'Técnicas del compilador para acelerar la ejecución de bucles en Optimización de software.'),
(176, 'Programación Dinámica en Investigación operativa', '2025-06-25', 'Resolución de problemas complejos descomponiéndolos en subproblemas solapantes.'),
(177, 'Pruebas A/B en Análisis de datos', '2025-06-30', 'Experimentación controlada para comparar dos versiones y optimizar métricas clave.'),
(178, 'Automatización Robótica de Escritorio (RDA)', '2025-07-05', 'Automatización de tareas individuales en la estación de trabajo del usuario.'),
(179, 'Paralelismo de Datos vs. Paralelismo de Tareas en Programación concurrente', '2025-07-10', 'Diferentes enfoques para dividir el trabajo entre múltiples hilos o procesadores.'),
(180, 'Interfaces Hápticas en Realidad virtual', '2025-07-15', 'Tecnologías que proporcionan retroalimentación táctil para aumentar la inmersión en Realidad virtual.'),
(181, 'Reconstrucción 3D a partir de Imágenes en Visión por computadora', '2025-07-20', 'Creación de modelos tridimensionales utilizando múltiples vistas 2D.'),
(182, 'Generación de Texto (NLG) en Procesamiento de lenguaje natural', '2025-07-25', 'Creación automática de texto coherente y relevante a partir de datos estructurados.'),
(183, 'Redes Neuronales Graph (GNN) en Redes neuronales', '2025-07-30', 'Aplicación de redes neuronales a datos estructurados como grafos (redes sociales, moléculas).'),
(184, 'Zero Trust Architecture (ZTA) en Ciberseguridad', '2025-08-04', 'Modelo de seguridad que asume que ninguna entidad es confiable por defecto en Ciberseguridad.'),
(185, 'Server-Side Rendering (SSR) vs. Client-Side Rendering (CSR) en Desarrollo web', '2025-08-09', 'Comparativa de enfoques para renderizar páginas web y sus implicaciones en Desarrollo web.'),
(186, 'Metaprogramación en Programación orientada a objetos', '2025-08-14', 'Técnicas donde un programa trata a otro código como datos en Programación orientada a objetos.'),
(187, 'Sharding y Particionamiento en Bases de datos', '2025-08-19', 'Distribución horizontal de datos para escalar Bases de datos grandes.'),
(188, 'Análisis de Viabilidad en Análisis de sistemas', '2025-08-24', 'Evaluación técnica, económica y operativa de un proyecto propuesto.'),
(189, 'Muestreo y Estimación en Estadística', '2025-08-29', 'Técnicas para inferir características de una población a partir de una muestra.'),
(190, 'Aprendizaje Federado en Inteligencia Artificial', '2025-09-03', 'Entrenamiento de modelos de IA en datos distribuidos sin centralizarlos, preservando privacidad.'),
(191, 'Balanceo de Carga en Redes de computadoras', '2025-09-08', 'Distribución del tráfico entre múltiples servidores para mejorar rendimiento y disponibilidad.'),
(192, 'Sistemas de Detección y Prevención de Intrusiones (IDPS) en Seguridad informática', '2025-09-13', 'Monitorización del tráfico de red en busca de actividades maliciosas en Seguridad informática.'),
(193, 'Refactoring Hacia Patrones en Desarrollo de software', '2025-09-18', 'Mejora gradual del diseño del código aplicando patrones de diseño conocidos.'),
(194, 'Gestión de la Calidad en Gestión de proyectos (PMBOK)', '2025-09-23', 'Procesos para asegurar que el proyecto cumpla con los requisitos de calidad definidos.'),
(195, 'Relojes Lógicos (Lamport, Vector) en Sistemas distribuidos', '2025-09-28', 'Mecanismos para ordenar eventos en sistemas sin un reloj global sincronizado.'),
(196, 'Infraestructura como Servicio (IaaS) vs. Plataforma como Servicio (PaaS)', '2025-10-03', 'Diferencias entre modelos de servicio en la Computación en la nube.'),
(197, 'Reducción de Dimensionalidad en Machine Learning (PCA, t-SNE)', '2025-10-08', 'Técnicas para visualizar y simplificar datos de alta dimensionalidad en Machine Learning.'),
(198, 'Calidad de Datos en Big Data', '2025-10-13', 'Importancia y técnicas para asegurar la precisión, completitud y consistencia de los Big Data.'),
(199, 'Mecanismos de Consenso en Blockchain (PoW, PoS)', '2025-10-18', 'Comparativa de algoritmos para lograr acuerdo en redes descentralizadas Blockchain.'),
(200, 'Gestión de Dispositivos en IoT (Internet de las cosas)', '2025-10-23', 'Aprovisionamiento, monitorización y actualización remota de flotas de dispositivos IoT.'),
(201, 'Puertas Cuánticas y Circuitos en Computación cuántica', '2025-10-28', 'Bloques de construcción fundamentales para realizar cálculos en Computación cuántica.'),
(202, 'Diseño Emocional en Interfaces de usuario', '2025-11-02', 'Creando Interfaces de usuario que evocan respuestas emocionales positivas en los usuarios.'),
(203, 'Procesadores Multicore en Arquitectura de computadoras', '2025-11-07', 'Diseño y desafíos de integrar múltiples núcleos de procesamiento en un solo chip.'),
(204, 'Seguridad en Sistemas operativos: Fundamentos', '2025-11-12', 'Mecanismos como control de acceso, permisos y sandboxing en Sistemas operativos.'),
(205, 'Estructuras de Datos Avanzadas (Árboles, Grafos) en Algoritmos', '2025-11-17', 'Exploración de estructuras complejas y sus aplicaciones en Algoritmos y estructuras de datos.'),
(206, 'Optimización del Compilador: Fases y Técnicas', '2025-11-22', 'Cómo los compiladores transforman el código fuente para mejorar el rendimiento.'),
(207, 'Teoría de Juegos en Investigación operativa', '2025-11-27', 'Modelado de interacciones estratégicas entre agentes racionales en Investigación operativa.'),
(208, 'Análisis Predictivo en Análisis de datos', '2025-12-02', 'Uso de datos históricos y técnicas estadísticas para predecir resultados futuros.'),
(209, 'Gestión Inteligente de Procesos de Negocio (iBPM)', '2025-12-07', 'Combinando BPM con IA y otras tecnologías para una Automatización más adaptativa.'),
(210, 'Futuros y Promesas en Programación concurrente', '2025-12-12', 'Abstracciones para manejar resultados de operaciones asíncronas en Programación concurrente.'),
(211, 'Dispositivos de Entrada/Salida para Realidad virtual', '2025-12-17', 'Guantes, controladores y otros periféricos para interactuar en entornos de Realidad virtual.'),
(212, 'Seguimiento de Objetos en Tiempo Real con Visión por computadora', '2025-12-22', 'Algoritmos para localizar y seguir objetos en secuencias de video usando Visión por computadora.'),
(213, 'Extracción de Información (IE) en Procesamiento de lenguaje natural', '2025-12-27', 'Identificación automática de entidades, relaciones y eventos en texto no estructurado.'),
(214, 'Transferencia de Estilo Neuronal en Redes neuronales', '2026-01-01', 'Aplicación del estilo artístico de una imagen a otra utilizando Redes neuronales profundas.'),
(215, 'Criptografía Post-Cuántica en Ciberseguridad', '2026-01-06', 'Desarrollo de algoritmos criptográficos resistentes a ataques de computadoras cuánticas.'),
(216, 'WebAssembly (Wasm): Rendimiento en Desarrollo web', '2026-01-11', 'Ejecución de código de bajo nivel en navegadores para mejorar el rendimiento en Desarrollo web.'),
(217, 'Programación Funcional en Programación orientada a objetos', '2026-01-16', 'Incorporación de conceptos funcionales (inmutabilidad, funciones puras) en lenguajes OO.'),
(218, 'Bases de datos en Memoria (In-Memory Databases)', '2026-01-21', 'Ventajas de rendimiento al almacenar y procesar datos principalmente en RAM.'),
(219, 'Análisis Costo-Beneficio en Análisis de sistemas', '2026-01-26', 'Evaluación de la rentabilidad de un proyecto comparando costos y beneficios esperados.'),
(220, 'Métodos de Monte Carlo en Estadística', '2026-01-31', 'Uso de simulación aleatoria para resolver problemas complejos en Estadística.'),
(221, 'Procesamiento del Habla en Inteligencia Artificial', '2026-02-05', 'Tecnologías para el reconocimiento y síntesis de voz humana en Inteligencia Artificial.'),
(222, 'Firewalls de Próxima Generación (NGFW) en Redes de computadoras', '2026-02-10', 'Funcionalidades avanzadas más allá del filtrado de paquetes en Redes de computadoras.'),
(223, 'Ingeniería Social: Ataques y Defensa en Seguridad informática', '2026-02-15', 'Manipulación psicológica para obtener información confidencial y cómo prevenirla.'),
(224, 'Desarrollo Basado en Componentes en Desarrollo de software', '2026-02-20', 'Construcción de software a partir de módulos predefinidos y reutilizables.'),
(225, 'Gestión de la Comunicación en Gestión de proyectos', '2026-02-25', 'Planificación y ejecución de la comunicación efectiva con los interesados del proyecto.'),
(226, 'Transacciones Distribuidas y Two-Phase Commit (2PC)', '2026-03-02', 'Coordinación de operaciones atómicas a través de múltiples nodos en Sistemas distribuidos.'),
(227, 'Nube Híbrida y Multinube: Estrategias de Adopción', '2026-03-07', 'Combinación de nubes públicas y privadas, o múltiples proveedores de nube pública.'),
(228, 'Selección de Características en Machine Learning', '2026-03-12', 'Técnicas para identificar las variables más relevantes para un modelo de Machine Learning.'),
(229, 'Procesamiento Analítico en Línea (OLAP) en Big Data', '2026-03-17', 'Análisis multidimensional rápido de grandes volúmenes de datos para inteligencia de negocios.'),
(230, 'Aplicaciones Descentralizadas (dApps) en Blockchain', '2026-03-22', 'Desarrollo de aplicaciones que se ejecutan en una red peer-to-peer Blockchain.'),
(231, 'Gemelos Digitales (Digital Twins) en IoT', '2026-03-27', 'Réplicas virtuales de activos físicos para monitorización y simulación en IoT.'),
(232, 'Supremacía Cuántica: Concepto y Controversias', '2026-04-01', 'Demostración de que una computadora cuántica puede superar a la mejor clásica en una tarea.'),
(233, 'Gamificación en Interfaces de usuario', '2026-04-06', 'Aplicación de mecánicas de juego para aumentar el engagement en Interfaces de usuario.'),
(234, 'Unidades de Procesamiento Gráfico (GPU) para Cómputo General (GPGPU)', '2026-04-11', 'Uso de GPUs para acelerar cálculos científicos y de IA en Arquitectura de computadoras.'),
(235, 'Sistemas de Tiempo Real (RTOS) en Sistemas operativos', '2026-04-16', 'Sistemas operativos diseñados para cumplir estrictas restricciones temporales.'),
(236, 'Algoritmos Probabilísticos en Algoritmos y estructuras de datos', '2026-04-21', 'Uso de aleatoriedad para lograr eficiencia o simplicidad en Algoritmos.'),
(237, 'Optimización del Código Ensamblador', '2026-04-26', 'Técnicas de bajo nivel para maximizar el rendimiento en Optimización de software.'),
(238, 'Programación Estocástica en Investigación operativa', '2026-05-01', 'Toma de decisiones óptimas bajo incertidumbre en Investigación operativa.'),
(239, 'Análisis de Canasta de Mercado en Análisis de datos', '2026-05-06', 'Descubrimiento de asociaciones entre productos comprados juntos en Análisis de datos.'),
(240, 'Automatización de Despliegues (Blue/Green, Canary)', '2026-05-11', 'Estrategias para liberar nuevas versiones de software con mínimo riesgo.'),
(241, 'Memoria Transaccional del Software (STM) en Programación concurrente', '2026-05-16', 'Alternativa a los bloqueos para gestionar el acceso concurrente a memoria.'),
(242, 'Mareo por Simulación (Cybersickness) en Realidad virtual', '2026-05-21', 'Causas y estrategias para mitigar el malestar en usuarios de Realidad virtual.'),
(243, 'Reconocimiento Facial: Tecnología y Ética en Visión por computadora', '2026-05-26', 'Funcionamiento de los sistemas de reconocimiento facial y sus implicaciones sociales.'),
(244, 'Resumen Automático de Texto en Procesamiento de lenguaje natural', '2026-05-31', 'Técnicas extractivas y abstractivas para generar resúmenes concisos de documentos.'),
(245, 'Atención y Transformers en Redes neuronales', '2026-06-05', 'Mecanismos clave detrás del éxito de modelos como BERT y GPT en Redes neuronales.'),
(246, 'Análisis de Malware y Reversing en Ciberseguridad', '2026-06-10', 'Técnicas para entender el comportamiento de software malicioso en Ciberseguridad.'),
(247, 'Optimización para Motores de Búsqueda (SEO) en Desarrollo web', '2026-06-15', 'Estrategias técnicas y de contenido para mejorar la visibilidad en buscadores.'),
(248, 'Patrones Arquitectónicos en Programación orientada a objetos', '2026-06-20', 'Estilos como MVC, MVP, MVVM para estructurar aplicaciones complejas.'),
(249, 'Federated Databases: Integración de Datos Heterogéneos', '2026-06-25', 'Sistemas que permiten consultar múltiples bases de datos autónomas como una sola.'),
(250, 'Pruebas de Aceptación del Usuario (UAT) en Análisis de sistemas', '2026-06-30', 'Validación final del sistema por parte de los usuarios antes del despliegue.'),
(251, 'Análisis de Componentes Principales (PCA) en Estadística', '2026-07-05', 'Técnica de reducción de dimensionalidad para simplificar datos en Estadística.'),
(252, 'Sistemas Expertos y Motores de Inferencia en Inteligencia Artificial', '2026-07-10', 'Sistemas basados en conocimiento para emular la toma de decisiones de un experto humano.'),
(253, 'Redes Privadas Virtuales (VPN) en Redes de computadoras', '2026-07-15', 'Creación de túneles seguros sobre redes públicas para proteger la comunicación.'),
(254, 'Security Information and Event Management (SIEM)', '2026-07-20', 'Sistemas para la recolección y análisis de logs de seguridad en tiempo real.'),
(255, 'Domain-Driven Design (DDD) en Desarrollo de software', '2026-07-25', 'Enfoque de diseño centrado en el modelo del dominio del negocio.'),
(256, 'Metodología PRINCE2 en Gestión de proyectos', '2026-07-30', 'Framework estructurado para la gestión de proyectos, común en el Reino Unido y Europa.'),
(257, 'Sistemas Peer-to-Peer (P2P) en Sistemas distribuidos', '2026-08-04', 'Arquitecturas donde los nodos actúan como clientes y servidores simultáneamente.'),
(258, 'Software como Servicio (SaaS): Modelo de Negocio y Técnico', '2026-08-09', 'Entrega de aplicaciones de software a través de internet bajo suscripción.'),
(259, 'Ensemble Learning (Bagging, Boosting) en Machine Learning', '2026-08-14', 'Combinación de múltiples modelos para mejorar la precisión y robustez en Machine Learning.'),
(260, 'Grafos de Conocimiento (Knowledge Graphs) en Big Data', '2026-08-19', 'Representación de entidades y sus relaciones para análisis semántico en Big Data.'),
(261, 'Tokens No Fungibles (NFTs): Tecnología y Aplicaciones', '2026-08-24', 'Certificados digitales únicos de propiedad sobre activos digitales en Blockchain.'),
(262, 'Wearables y Sensores en el Ecosistema IoT (Internet de las cosas)', '2026-08-29', 'Dispositivos corporales que recopilan datos de salud y actividad para IoT.'),
(263, 'Recocido Cuántico (Quantum Annealing)', '2026-09-03', 'Tipo específico de computación cuántica para resolver problemas de optimización.'),
(264, 'Psicología del Color en Interfaces de usuario', '2026-09-08', 'Impacto de la elección de colores en la percepción y usabilidad de Interfaces de usuario.'),
(265, 'Memoria Cache: Principios y Optimización en Arquitectura de computadoras', '2026-09-13', 'Funcionamiento de la memoria rápida para reducir la latencia de acceso a RAM.'),
(266, 'Sistemas Embebidos y Microcontroladores en Sistemas operativos', '2026-09-18', 'Sistemas operativos ligeros para dispositivos con recursos limitados.'),
(267, 'Algoritmos de Búsqueda (Binaria, Interpolación) en Algoritmos y estructuras de datos', '2026-09-23', 'Técnicas eficientes para encontrar elementos en colecciones ordenadas.'),
(268, 'Optimización del Tamaño del Código (Code Bloat)', '2026-09-28', 'Estrategias para reducir el tamaño de los ejecutables y bibliotecas.'),
(269, 'Planificación de la Producción en Investigación operativa', '2026-10-03', 'Optimización de recursos y cronogramas para satisfacer la demanda en Investigación operativa.'),
(270, 'Análisis de Redes Sociales (SNA) en Análisis de datos', '2026-10-08', 'Estudio de estructuras sociales y flujos de información usando teoría de grafos.'),
(271, 'Automatización de Tareas de TI (IT Process Automation)', '2026-10-13', 'Uso de scripts y herramientas para automatizar operaciones y mantenimiento de TI.'),
(272, 'Corrutinas y Generadores en Programación concurrente', '2026-10-18', 'Mecanismos ligeros para implementar tareas cooperativas y asíncronas.'),
(273, 'Telepresencia y Colaboración Remota en Realidad virtual', '2026-10-23', 'Uso de VR para crear experiencias de reunión y trabajo a distancia inmersivas.'),
(274, 'Análisis de Movimiento y Postura en Visión por computadora', '2026-10-28', 'Estimación de la pose humana o el movimiento de objetos en secuencias de video.'),
(275, 'Reconocimiento de Entidades Nombradas (NER) en Procesamiento de lenguaje natural', '2026-11-02', 'Identificación de nombres de personas, lugares, organizaciones, etc., en texto.'),
(276, 'Autoencoders en Redes neuronales', '2026-11-07', 'Redes neuronales no supervisadas para compresión de datos y detección de anomalías.'),
(277, 'Honeypots y Deception Technology en Ciberseguridad', '2026-11-12', 'Uso de señuelos para detectar, desviar y analizar ataques en Ciberseguridad.'),
(278, 'Arquitectura JAMstack en Desarrollo web', '2026-11-17', 'Enfoque moderno basado en JavaScript, APIs y Markup pre-renderizado para Desarrollo web.'),
(279, 'Delegación y Eventos en Programación orientada a objetos', '2026-11-22', 'Patrones para manejar la comunicación y notificación entre objetos.'),
(280, 'Bases de datos de Series Temporales (Time-Series Databases)', '2026-11-27', 'Sistemas optimizados para almacenar y consultar datos indexados por tiempo.'),
(281, 'Diagramas de Secuencia (UML) en Análisis de sistemas', '2026-12-02', 'Modelado de las interacciones entre objetos a lo largo del tiempo en Análisis de sistemas.'),
(282, 'Bootstrapping en Estadística', '2026-12-07', 'Método de remuestreo para estimar intervalos de confianza y probar hipótesis.'),
(283, 'Visión por Computadora en Inteligencia Artificial', '2026-12-12', 'Cómo la IA permite a las máquinas "ver" e interpretar información visual.'),
(284, 'Calidad de Experiencia (QoE) en Redes de computadoras', '2026-12-17', 'Medición subjetiva de la satisfacción del usuario con un servicio de red.'),
(285, 'Hardening de Sistemas en Seguridad informática', '2026-12-22', 'Proceso de configuración segura de sistemas operativos y aplicaciones.'),
(286, 'Programación por Contrato (Design by Contract) en Desarrollo de software', '2026-12-27', 'Especificación formal de precondiciones, postcondiciones e invariantes.'),
(287, 'Gestión de Adquisiciones en Gestión de proyectos', '2027-01-01', 'Procesos para comprar o adquirir productos, servicios o resultados externos.'),
(288, 'Sistemas de Archivos vs. Bases de Datos en Sistemas distribuidos', '2027-01-06', 'Cuándo usar uno u otro para almacenar y gestionar datos en Sistemas distribuidos.'),
(289, 'Contenedores vs. Máquinas Virtuales en Computación en la nube', '2027-01-11', 'Comparativa detallada de tecnologías de virtualización en la nube.'),
(290, 'Validación Cruzada (Cross-Validation) en Machine Learning', '2027-01-16', 'Técnica para evaluar la generalización de un modelo de Machine Learning de forma robusta.'),
(291, 'Plataformas de Streaming de Datos (Kafka, Flink) en Big Data', '2027-01-21', 'Herramientas para procesar grandes volúmenes de datos en tiempo real en Big Data.'),
(292, 'Finanzas Descentralizadas (DeFi) en Blockchain', '2027-01-26', 'Reconstrucción de servicios financieros tradicionales sobre tecnología Blockchain.'),
(293, 'Redes Mesh para IoT (Internet de las cosas)', '2027-01-31', 'Topologías de red auto-organizables y auto-reparables para dispositivos IoT.'),
(294, 'Algoritmo de Grover para Búsqueda Cuántica', '2027-02-05', 'Algoritmo que ofrece una aceleración cuadrática en problemas de búsqueda no estructurada.'),
(295, 'Diseño Persuasivo en Interfaces de usuario', '2027-02-10', 'Aplicación de principios psicológicos para influir en el comportamiento del usuario.'),
(296, 'Field-Programmable Gate Arrays (FPGAs) en Arquitectura de computadoras', '2027-02-15', 'Chips reconfigurables para implementar lógica digital personalizada.'),
(297, 'Deadlocks: Detección y Prevención en Sistemas operativos', '2027-02-20', 'Manejo de situaciones de bloqueo mutuo entre procesos en Sistemas operativos.'),
(298, 'Heaps y Colas de Prioridad en Algoritmos y estructuras de datos', '2027-02-25', 'Estructuras de datos para mantener elementos ordenados y extraer el de mayor/menor prioridad.'),
(299, 'Optimización del Tiempo de Arranque (Startup Time)', '2027-03-02', 'Técnicas para reducir el tiempo que tarda una aplicación en iniciarse.'),
(300, 'Cadenas de Markov en Investigación operativa', '2027-03-07', 'Modelado de sistemas que transitan entre diferentes estados de forma probabilística.'),
(301, 'Análisis Prescriptivo en Análisis de datos', '2027-03-12', 'Recomendación de acciones óptimas basadas en análisis predictivos y de simulación.'),
(302, 'Cognitive Automation: IA en la Automatización de Procesos', '2027-03-17', 'Uso de IA para automatizar tareas que requieren juicio y toma de decisiones humanas.'),
(303, 'Programación sin Bloqueos (Lock-Free) en Programación concurrente', '2027-03-22', 'Técnicas para lograr concurrencia sin usar bloqueos explícitos, evitando deadlocks.'),
(304, 'Renderizado Foveado en Realidad virtual', '2027-03-27', 'Optimización del renderizado enfocando la alta resolución donde mira el usuario en VR.'),
(305, 'Optical Character Recognition (OCR) en Visión por computadora', '2027-04-01', 'Conversión de imágenes de texto (escaneado o fotografiado) en texto editable.'),
(306, 'Análisis de Correferencia en Procesamiento de lenguaje natural', '2027-04-06', 'Identificación de todas las expresiones en un texto que se refieren a la misma entidad.'),
(307, 'Aprendizaje Profundo Geométrico (Geometric Deep Learning)', '2027-04-11', 'Extensión de Deep Learning a datos no euclidianos como grafos y variedades.'),
(308, 'Data Loss Prevention (DLP) en Ciberseguridad', '2027-04-16', 'Tecnologías y procesos para evitar la fuga de información sensible en Ciberseguridad.'),
(309, 'Single Page Applications (SPAs): Ventajas y Desventajas', '2027-04-21', 'Análisis del modelo de aplicación web que carga una única página HTML.'),
(310, 'Interfaces Fluidas (Fluent Interfaces) en Programación orientada a objetos', '2027-04-26', 'Diseño de APIs que permiten encadenar llamadas a métodos de forma legible.'),
(311, 'NewSQL Databases: Lo Mejor de SQL y NoSQL', '2027-05-01', 'Bases de datos que combinan escalabilidad NoSQL con garantías ACID de SQL.'),
(312, 'Prototipado Rápido en Análisis de sistemas', '2027-05-06', 'Creación de versiones tempranas y funcionales del sistema para validar requisitos.'),
(313, 'Análisis de Supervivencia en Estadística', '2027-05-11', 'Estudio del tiempo hasta que ocurre un evento de interés (ej. fallo de equipo).'),
(314, 'Planificación y Scheduling en Inteligencia Artificial', '2027-05-16', 'Algoritmos de IA para encontrar secuencias óptimas de acciones o asignar recursos.'),
(315, 'Network Slicing en Redes 5G', '2027-05-21', 'Creación de redes virtuales lógicas sobre una infraestructura física compartida.'),
(316, 'Auditorías de Seguridad en Seguridad informática', '2027-05-26', 'Evaluación sistemática de la seguridad de un sistema o red informática.'),
(317, 'Medición de la Deuda Técnica en Desarrollo de software', '2027-05-31', 'Cuantificación del costo implícito de retrabajo causado por elegir una solución fácil.'),
(318, 'Gestión del Valor Ganado (EVM) en Gestión de proyectos', '2027-06-05', 'Técnica para medir el rendimiento y progreso del proyecto de forma integrada.'),
(319, 'Service Discovery en Sistemas distribuidos', '2027-06-10', 'Mecanismos para que los servicios encuentren y se comuniquen entre sí dinámicamente.'),
(320, 'Edge Computing vs. Fog Computing en Computación en la nube', '2027-06-15', 'Diferencias y similitudes entre procesar datos en el borde o en una capa intermedia.'),
(321, 'Aprendizaje Automático (AutoML) en Machine Learning', '2027-06-20', 'Automatización del proceso de aplicación de Machine Learning a problemas del mundo real.'),
(322, 'Ingeniería de Datos (Data Engineering) en Big Data', '2027-06-25', 'Diseño, construcción y mantenimiento de sistemas para recolectar y procesar Big Data.'),
(323, 'Identidad Soberana Auto-Gestionada (SSI) en Blockchain', '2027-06-30', 'Modelo donde los individuos controlan su propia identidad digital usando Blockchain.'),
(324, 'Plataformas AEP (Application Enablement Platforms) para IoT', '2027-07-05', 'Software para construir, desplegar y gestionar aplicaciones IoT rápidamente.'),
(325, 'Algoritmo de Shor para Factorización Cuántica', '2027-07-10', 'Algoritmo cuántico que amenaza la criptografía RSA actual, explicado brevemente.'),
(326, 'Microinteracciones en Interfaces de usuario', '2027-07-15', 'Pequeñas animaciones o feedbacks que mejoran la experiencia en Interfaces de usuario.'),
(327, 'System-on-a-Chip (SoC) en Arquitectura de computadoras', '2027-07-20', 'Integración de múltiples componentes (CPU, GPU, memoria) en un solo chip.'),
(328, 'Hypervisors (Tipo 1 vs. Tipo 2) en Sistemas operativos', '2027-07-25', 'Software que crea y gestiona máquinas virtuales en diferentes arquitecturas.'),
(329, 'Algoritmos Greedy (Voraces) en Algoritmos y estructuras de datos', '2027-07-30', 'Toma de decisiones localmente óptimas con la esperanza de encontrar una solución global.'),
(330, 'Optimización del Uso de CPU en Optimización de software', '2027-08-04', 'Técnicas para reducir la carga del procesador y mejorar la capacidad de respuesta.'),
(331, 'Problema del Viajante de Comercio (TSP) en Investigación operativa', '2027-08-09', 'Clásico problema de optimización combinatoria y sus métodos de solución.'),
(332, 'Detección de Fraude con Análisis de datos', '2027-08-14', 'Aplicación de técnicas analíticas para identificar actividades fraudulentas.'),
(333, 'Observabilidad en Sistemas Distribuidos (Logs, Métricas, Trazas)', '2027-08-19', 'Capacidad de inferir el estado interno de un sistema a partir de datos externos.'),
(334, 'Paralelismo Masivo en GPU en Programación concurrente', '2027-08-24', 'Programación de miles de hilos para cálculos intensivos en tarjetas gráficas.'),
(335, 'Avatares y Representación del Usuario en Realidad virtual', '2027-08-29', 'Diseño de representaciones digitales de los usuarios en entornos virtuales.'),
(336, 'Análisis de Escenas 3D en Visión por computadora', '2027-09-03', 'Comprensión de la geometría y semántica de entornos tridimensionales a partir de sensores.'),
(337, 'Word Embeddings (Word2Vec, GloVe) en Procesamiento de lenguaje natural', '2027-09-08', 'Representación vectorial densa de palabras que captura relaciones semánticas.'),
(338, 'Redes Siamesas para Comparación en Redes neuronales', '2027-09-13', 'Arquitectura para aprender funciones de similitud entre pares de entradas.'),
(339, 'Threat Hunting Proactivo en Ciberseguridad', '2027-09-18', 'Búsqueda activa de amenazas no detectadas por las herramientas de seguridad existentes.'),
(340, 'Micro Frontends en Desarrollo web', '2027-09-23', 'Descomposición de la interfaz de usuario en partes independientes y desplegables.'),
(341, 'Inversión de Control (IoC) y Contenedores DI', '2027-09-28', 'Principio y herramientas para gestionar dependencias en Programación orientada a objetos.'),
(342, 'Bases de datos de Grafos: Modelado y Consultas', '2027-10-03', 'Representación y análisis de datos altamente conectados usando grafos.'),
(343, 'Ingeniería del Valor en Análisis de sistemas', '2027-10-08', 'Optimización de la relación entre funcionalidad y costo de un sistema.'),
(344, 'Estadística No Paramétrica', '2027-10-13', 'Métodos estadísticos que no asumen distribuciones específicas de los datos.'),
(345, 'Computación Afectiva en Inteligencia Artificial', '2027-10-18', 'Sistemas que pueden reconocer, interpretar y simular emociones humanas.'),
(346, 'Software-Defined Networking (SDN) en Redes de computadoras', '2027-10-23', 'Control centralizado y programable de la infraestructura de red.'),
(347, 'Gestión de Identidad Federada (SSO) en Seguridad informática', '2027-10-28', 'Permitir a los usuarios acceder a múltiples sistemas con una única identidad.'),
(348, 'Programación Orientada a Aspectos (AOP) en Desarrollo de software', '2027-11-02', 'Modularización de intereses transversales como logging o seguridad.'),
(349, 'Oficina de Gestión de Proyectos (PMO): Roles y Funciones', '2027-11-07', 'Estructura organizacional que estandariza la gobernanza de proyectos.'),
(350, 'Protocolos de Chismorreo (Gossip) en Sistemas distribuidos', '2027-11-12', 'Mecanismos descentralizados para diseminar información en grandes sistemas.'),
(351, 'FinOps: Gestión Financiera de la Computación en la nube', '2027-11-17', 'Prácticas para optimizar el gasto y la eficiencia económica en la nube.'),
(352, 'Explicabilidad de Modelos (XAI) en Machine Learning', '2027-11-22', 'Técnicas (LIME, SHAP) para entender por qué un modelo toma ciertas decisiones.'),
(353, 'Data Mesh: Un Enfoque Descentralizado para Big Data', '2027-11-27', 'Arquitectura de datos orientada al dominio y auto-servicio para Big Data.'),
(354, 'Prueba de Conocimiento Cero (Zero-Knowledge Proofs) en Blockchain', '2027-12-02', 'Permitir probar la veracidad de una afirmación sin revelar la información subyacente.'),
(355, 'Analítica Predictiva en el Borde (Edge Analytics) para IoT', '2027-12-07', 'Realizar análisis predictivos directamente en los dispositivos IoT o cerca de ellos.'),
(356, 'Computación Adiabática Cuántica', '2027-12-12', 'Enfoque alternativo a la computación cuántica basada en puertas, para optimización.'),
(357, 'Interfaces de Usuario por Voz (VUI)', '2027-12-17', 'Diseño de interacciones basadas en comandos de voz (Alexa, Siri).'),
(358, 'Arquitecturas de Procesadores Especializados (ASICs, TPUs)', '2027-12-22', 'Chips diseñados para tareas específicas como IA o minería de criptomonedas.'),
(359, 'Sistemas de Archivos Journaling en Sistemas operativos', '2027-12-27', 'Mecanismos para asegurar la consistencia del sistema de archivos ante fallos.'),
(360, 'Filtros de Bloom en Algoritmos y estructuras de datos', '2028-01-01', 'Estructura de datos probabilística eficiente en espacio para tests de pertenencia.'),
(361, 'Optimización Interprocedural en Optimización de software', '2028-01-06', 'Análisis y optimización que considera las interacciones entre diferentes funciones.'),
(362, 'Programación por Restricciones en Investigación operativa', '2028-01-11', 'Resolución de problemas declarando restricciones sobre las variables.'),
(363, 'Análisis Causal en Análisis de datos', '2028-01-16', 'Técnicas para determinar relaciones de causa y efecto a partir de datos observacionales.'),
(364, 'Infraestructura Inmutable en Automatización', '2028-01-21', 'Práctica de reemplazar servidores en lugar de modificarlos para despliegues consistentes.'),
(365, 'Modelos de Actores vs. Hilos Tradicionales en Programación concurrente', '2028-01-26', 'Comparativa de modelos para gestionar la concurrencia y el estado compartido.'),
(366, 'Realidad Mixta (MR): Combinando Mundos Físico y Virtual', '2028-01-31', 'Tecnologías que superponen objetos virtuales interactivos en el entorno real.'),
(367, 'Generación de Imágenes a partir de Texto en Visión por computadora', '2028-02-05', 'Uso de modelos (DALL-E, Stable Diffusion) para crear imágenes desde descripciones.'),
(368, 'Sistemas de Pregunta-Respuesta (QA) en Procesamiento de lenguaje natural', '2028-02-10', 'Sistemas capaces de responder preguntas formuladas en lenguaje natural.'),
(369, 'Redes Neuronales de Cápsulas (CapsNets)', '2028-02-15', 'Arquitectura alternativa a las CNNs que modela relaciones espaciales jerárquicas.'),
(370, 'Security Orchestration, Automation and Response (SOAR)', '2028-02-20', 'Plataformas para automatizar la respuesta a incidentes de seguridad.'),
(371, 'State Management en Aplicaciones Frontend (Redux, Zustand)', '2028-02-25', 'Librerías y patrones para gestionar el estado complejo en Desarrollo web.'),
(372, 'Mixins y Traits en Programación orientada a objetos', '2028-03-01', 'Mecanismos para reutilizar código entre clases sin usar herencia múltiple clásica.'),
(373, 'Bases de datos Multimodelo', '2028-03-06', 'Sistemas que soportan múltiples modelos de datos (relacional, grafo, documento) en uno.'),
(374, 'Métricas de Software y Calidad en Análisis de sistemas', '2028-03-11', 'Indicadores para evaluar atributos como mantenibilidad, fiabilidad y rendimiento.'),
(375, 'Inferencia Causal en Estadística', '2028-03-16', 'Métodos estadísticos para estimar efectos causales a partir de datos.'),
(376, 'Creatividad Computacional en Inteligencia Artificial', '2028-03-21', 'Exploración de la capacidad de la IA para generar obras artísticas o ideas nuevas.'),
(377, 'Intenciones de Red (Intent-Based Networking)', '2028-03-26', 'Abstracción de alto nivel para gestionar redes basada en objetivos de negocio.'),
(378, 'Blockchain Forensics en Seguridad informática', '2028-03-31', 'Análisis de transacciones y actividades en redes blockchain para investigaciones.'),
(379, 'Pruebas de Mutación en Desarrollo de software', '2028-04-05', 'Técnica para evaluar la calidad de los tests introduciendo pequeños cambios en el código.'),
(380, 'Gestión Ágil de Carteras (Agile Portfolio Management)', '2028-04-10', 'Aplicación de principios ágiles a la gestión de inversiones y proyectos a nivel empresa.'),
(381, 'Computación Tolerante a Fallos Bizantinos (BFT)', '2028-04-15', 'Algoritmos de consenso que funcionan incluso con nodos maliciosos o erráticos.'),
(382, 'Serverless Computing: Funciones como Servicio (FaaS)', '2028-04-20', 'Ejecución de código sin gestionar servidores, activado por eventos.'),
(383, 'Aprendizaje por Refuerzo Profundo (Deep Reinforcement Learning)', '2028-04-25', 'Combinación de Deep Learning con RL para resolver problemas complejos de decisión.'),
(384, 'Procesamiento del Lenguaje Natural en Grafos (Graph NLP)', '2028-04-30', 'Aplicación de técnicas de grafos para mejorar tareas de NLP.'),
(385, 'Soluciones de Escalabilidad Layer-2 para Blockchain', '2028-05-05', 'Protocolos construidos sobre blockchains existentes para aumentar su rendimiento.'),
(386, 'Federated Learning en IoT (Internet de las cosas)', '2028-05-10', 'Entrenamiento de modelos de IA en dispositivos IoT sin mover los datos crudos.'),
(387, 'Optimización Inspirada en la Naturaleza (Computación cuántica)', '2028-05-15', 'Algoritmos cuánticos inspirados en procesos naturales para optimización.'),
(388, 'Interfaces Cerebro-Computadora (BCI)', '2028-05-20', 'Tecnología emergente para controlar dispositivos directamente con señales cerebrales.'),
(389, 'Arquitecturas de Aceleración de Hardware (GPU, TPU, FPGA)', '2028-05-25', 'Uso de hardware especializado para acelerar cargas de trabajo específicas.'),
(390, 'Microkernels vs. Kernels Monolíticos en Sistemas operativos', '2028-05-30', 'Comparativa de arquitecturas de núcleo de sistema operativo.'),
(391, 'Estructuras de Datos Sucintas en Algoritmos', '2028-06-04', 'Representaciones que ocupan espacio cercano al mínimo teórico posible.'),
(392, 'Vectorización y SIMD en Optimización de software', '2028-06-09', 'Ejecución de la misma operación en múltiples datos simultáneamente (Single Instruction, Multiple Data).'),
(393, 'Simulación de Eventos Discretos en Investigación operativa', '2028-06-14', 'Modelado de sistemas cuyos estados cambian en puntos discretos del tiempo.'),
(394, 'Explainable AI (XAI) para el Análisis de datos', '2028-06-19', 'Haciendo transparentes los modelos de caja negra utilizados en Análisis de datos.'),
(395, 'Self-Healing Systems en Automatización', '2028-06-24', 'Sistemas capaces de detectar y recuperarse de fallos automáticamente.'),
(396, 'Structured Concurrency en Programación concurrente', '2028-06-29', 'Enfoque para gestionar tareas concurrentes de forma más segura y predecible.'),
(397, 'Realidad Extendida (XR): Convergencia de VR, AR y MR', '2028-07-04', 'Término paraguas que engloba tecnologías inmersivas y sus combinaciones.'),
(398, 'Aprendizaje Auto-Supervisado en Visión por computadora', '2028-07-09', 'Entrenamiento de modelos visuales utilizando señales de supervisión generadas automáticamente.'),
(399, 'Ética en el Procesamiento de lenguaje natural: Sesgos y Equidad', '2028-07-14', 'Desafíos éticos relacionados con sesgos en datos y modelos de lenguaje.'),
(400, 'Redes Neuronales para Series Temporales', '2028-07-19', 'Aplicación de RNNs, LSTMs y Transformers para predicción y análisis de series temporales.');

-- Poblar la tabla de tópicos
INSERT INTO Topico (id, nombre)
VALUES 
    (1, 'Bases de datos'),
    (2, 'Análisis de sistemas'),
    (3, 'Estadística'),
    (4, 'Inteligencia Artificial'),
    (5, 'Redes de computadoras'),
    (6, 'Seguridad informática'),
    (7, 'Desarrollo de software'),
    (8, 'Gestión de proyectos'),
    (9, 'Sistemas distribuidos'),
    (10, 'Computación en la nube'),
    (11, 'Machine Learning'),
    (12, 'Big Data'),
    (13, 'Blockchain'),
    (14, 'IoT (Internet de las cosas)'),
    (15, 'Computación cuántica'),
    (16, 'Interfaces de usuario'),
    (17, 'Arquitectura de computadoras'),
    (18, 'Sistemas operativos'),
    (19, 'Algoritmos y estructuras de datos'),
    (20, 'Optimización de software'),
    (21, 'Investigación operativa'),
    (22, 'Análisis de datos'),
    (23, 'Automatización'),
    (24, 'Programación concurrente'),
    (25, 'Realidad virtual'),
    (26, 'Visión por computadora'),
    (27, 'Procesamiento de lenguaje natural'),
    (28, 'Redes neuronales'),
    (29, 'Ciberseguridad'),
    (30, 'Desarrollo web'),
    (31, 'Programación orientada a objetos');

INSERT INTO Especialidad (id, nombre)
VALUES 
    (1, 'Bases de datos'),
    (2, 'Análisis de sistemas'),
    (3, 'Estadística'),
    (4, 'Inteligencia Artificial'),
    (5, 'Redes de computadoras'),
    (6, 'Seguridad informática'),
    (7, 'Desarrollo de software'),
    (8, 'Gestión de proyectos'),
    (9, 'Sistemas distribuidos'),
    (10, 'Computación en la nube'),
    (11, 'Machine Learning'),
    (12, 'Big Data'),
    (13, 'Blockchain'),
    (14, 'IoT (Internet de las cosas)'),
    (15, 'Computación cuántica'),
    (16, 'Interfaces de usuario'),
    (17, 'Arquitectura de computadoras'),
    (18, 'Sistemas operativos'),
    (19, 'Algoritmos y estructuras de datos'),
    (20, 'Optimización de software'),
    (21, 'Investigación operativa'),
    (22, 'Análisis de datos'),
    (23, 'Automatización'),
    (24, 'Programación concurrente'),
    (25, 'Realidad virtual'),
    (26, 'Visión por computadora'),
    (27, 'Procesamiento de lenguaje natural'),
    (28, 'Redes neuronales'),
    (29, 'Ciberseguridad'),
    (30, 'Desarrollo web'),
    (31, 'Programación orientada a objetos');

-- Poblar la tabla de relación Articulo_Topico
INSERT INTO Articulo_Topico (idArticulo, idTopico)
VALUES
(1, 1),   -- Bases de datos
(2, 2),   -- Análisis de sistemas
(3, 3),   -- Estadística
(4, 4),   -- Inteligencia Artificial
(5, 5),   -- Redes de computadoras, Machine Learning
(5, 11),
(6, 6),   -- Seguridad informática
(7, 7),   -- Desarrollo de software
(8, 8),   -- Gestión de proyectos
(9, 9),   -- Sistemas distribuidos
(10, 10), -- Computación en la nube
(11, 11), -- Machine Learning
(12, 12), -- Big Data
(13, 13), -- Blockchain
(14, 14), -- IoT (Internet de las cosas)
(15, 15), -- Computación cuántica
(16, 16), -- Interfaces de usuario
(17, 17), -- Arquitectura de computadoras
(18, 18), -- Sistemas operativos, Interfaces de usuario, Desarrollo de software
(18, 16),
(18, 7),
(19, 19), -- Algoritmos y estructuras de datos
(20, 20), -- Optimización de software
(21, 21), -- Investigación operativa
(22, 22), -- Análisis de datos
(23, 23), -- Automatización
(24, 24), -- Programación concurrente
(25, 25), -- Realidad virtual
(26, 26), -- Visión por computadora
(27, 27), -- Procesamiento de lenguaje natural
(28, 28), -- Redes neuronales
(29, 29), -- Ciberseguridad
(30, 30), -- Desarrollo web
(31, 31), -- Programación orientada a objetos
(32, 1),  -- Bases de datos
(33, 2),  -- Análisis de sistemas
(34, 3),  -- Estadística
(35, 4),  -- Inteligencia Artificial
(36, 5),  -- Redes de computadoras
(37, 6),  -- Seguridad informática
(38, 7),  -- Desarrollo de software
(39, 8),  -- Gestión de proyectos
(40, 9),  -- Sistemas distribuidos
(41, 10), -- Computación en la nube
(42, 11), -- Machine Learning
(43, 12), -- Big Data
(44, 13), -- Blockchain
(45, 14), -- IoT (Internet de las cosas)
(46, 15), -- Computación cuántica
(47, 16), -- Interfaces de usuario
(48, 17), -- Arquitectura de computadoras
(49, 18), -- Sistemas operativos
(50, 19), -- Algoritmos y estructuras de datos
(51, 20), -- Optimización de software
(52, 21), -- Investigación operativa
(53, 22), -- Análisis de datos, Estadística
(53, 3),
(54, 23), -- Automatización
(55, 24), -- Programación concurrente
(56, 25), -- Realidad virtual
(57, 26), -- Visión por computadora
(58, 27), -- Procesamiento de lenguaje natural
(59, 28), -- Redes neuronales
(60, 29), -- Ciberseguridad
(61, 30), -- Desarrollo web
(62, 31), -- Programación orientada a objetos
(63, 1),  -- Bases de datos
(64, 2),  -- Análisis de sistemas
(65, 3),  -- Estadística
(66, 4),  -- Inteligencia Artificial
(67, 5),  -- Redes de computadoras
(68, 6),  -- Seguridad informática
(69, 7),  -- Desarrollo de software
(70, 8),  -- Gestión de proyectos
(71, 9),  -- Sistemas distribuidos
(72, 10), -- Computación en la nube
(73, 11), -- Machine Learning
(74, 12), -- Big Data
(75, 13), -- Blockchain
(76, 14), -- IoT (Internet de las cosas)
(77, 15), -- Computación cuántica
(78, 16), -- Interfaces de usuario
(79, 17), -- Arquitectura de computadoras
(80, 18), -- Sistemas operativos
(81, 19), -- Algoritmos y estructuras de datos
(82, 20), -- Optimización de software
(83, 21), -- Investigación operativa
(84, 22), -- Análisis de datos
(85, 23), -- Automatización
(86, 24), -- Programación concurrente
(87, 25), -- Realidad virtual
(88, 26), -- Visión por computadora
(89, 27), -- Procesamiento de lenguaje natural
(90, 28), -- Redes neuronales
(91, 29), -- Ciberseguridad
(92, 30), -- Desarrollo web
(93, 31), -- Programación orientada a objetos
(94, 1),  -- Bases de datos
(95, 2),  -- Análisis de sistemas
(96, 3),  -- Estadística
(97, 4),  -- Inteligencia Artificial
(98, 5),  -- Redes de computadoras, Automatización, Investigación operativa
(98, 23),
(98, 21),
(99, 6),  -- Seguridad informática
(100, 7),  -- Desarrollo de software
(101, 8),  -- Gestión de proyectos
(102, 9),  -- Sistemas distribuidos
(103, 10), -- Computación en la nube
(104, 11), -- Machine Learning
(105, 12), -- Big Data
(106, 13), -- Blockchain
(107, 14), -- IoT (Internet de las cosas)
(108, 15), -- Computación cuántica
(109, 16), -- Interfaces de usuario
(110, 17), -- Arquitectura de computadoras
(111, 18), -- Sistemas operativos
(112, 19), -- Algoritmos y estructuras de datos
(113, 20), -- Optimización de software
(114, 21), -- Investigación operativa
(115, 22), -- Análisis de datos
(116, 23), -- Automatización
(117, 24), -- Programación concurrente
(118, 25), -- Realidad virtual
(119, 26), -- Visión por computadora
(120, 27), -- Procesamiento de lenguaje natural
(121, 28), -- Redes neuronales
(122, 29), -- Ciberseguridad
(123, 30), -- Desarrollo web
(124, 31), -- Programación orientada a objetos
(125, 1),  -- Bases de datos
(126, 2),  -- Análisis de sistemas
(127, 3),  -- Estadística
(128, 4),  -- Inteligencia Artificial
(129, 5),  -- Redes de computadoras
(130, 6),  -- Seguridad informática
(131, 7),  -- Desarrollo de software
(132, 8),  -- Gestión de proyectos
(133, 9),  -- Sistemas distribuidos
(134, 10), -- Computación en la nube
(135, 11), -- Machine Learning
(136, 12), -- Big Data
(137, 13), -- Blockchain
(138, 14), -- IoT (Internet de las cosas)
(139, 15), -- Computación cuántica
(140, 16), -- Interfaces de usuario
(141, 17), -- Arquitectura de computadoras
(142, 18), -- Sistemas operativos
(143, 19), -- Algoritmos y estructuras de datos
(144, 20), -- Optimización de software
(145, 21), -- Investigación operativa
(146, 22), -- Análisis de datos, Big Data
(146, 12),
(147, 23), -- Automatización
(148, 24), -- Programación concurrente
(149, 25), -- Realidad virtual
(150, 26), -- Visión por computadora
(151, 27), -- Procesamiento de lenguaje natural
(152, 28), -- Redes neuronales
(153, 29), -- Ciberseguridad
(154, 30), -- Desarrollo web
(155, 31), -- Programación orientada a objetos
(156, 1),  -- Bases de datos
(157, 2),  -- Análisis de sistemas
(158, 3),  -- Estadística
(159, 4),  -- Inteligencia Artificial, Machine Learning
(159, 11),
(160, 5),  -- Redes de computadoras
(161, 6),  -- Seguridad informática
(162, 7),  -- Desarrollo de software
(163, 8),  -- Gestión de proyectos
(164, 9),  -- Sistemas distribuidos
(165, 10), -- Computación en la nube
(166, 11), -- Machine Learning
(167, 12), -- Big Data
(168, 13), -- Blockchain
(169, 14), -- IoT (Internet de las cosas)
(170, 15), -- Computación cuántica
(171, 16), -- Interfaces de usuario
(172, 17), -- Arquitectura de computadoras
(173, 18), -- Sistemas operativos
(174, 19), -- Algoritmos y estructuras de datos
(175, 20), -- Optimización de software
(176, 21), -- Investigación operativa
(177, 22), -- Análisis de datos
(178, 23), -- Automatización
(179, 24), -- Programación concurrente
(180, 25), -- Realidad virtual
(181, 26), -- Visión por computadora
(182, 27), -- Procesamiento de lenguaje natural
(183, 28), -- Redes neuronales
(184, 29), -- Ciberseguridad
(185, 30), -- Desarrollo web
(186, 31), -- Programación orientada a objetos
(187, 1),  -- Bases de datos
(188, 2),  -- Análisis de sistemas
(189, 3),  -- Estadística
(190, 4),  -- Inteligencia Artificial
(191, 5),  -- Redes de computadoras
(192, 6),  -- Seguridad informática
(193, 7),  -- Desarrollo de software
(194, 8),  -- Gestión de proyectos
(195, 9),  -- Sistemas distribuidos
(196, 10), -- Computación en la nube
(197, 11), -- Machine Learning
(198, 12), -- Big Data
(199, 13), -- Blockchain
(200, 14), -- IoT (Internet de las cosas)
(201, 15), -- Computación cuántica, Blockchain, Estadística
(201, 13),
(201, 3),
(202, 16), -- Interfaces de usuario
(203, 17), -- Arquitectura de computadoras
(204, 18), -- Sistemas operativos
(205, 19), -- Algoritmos y estructuras de datos
(206, 20), -- Optimización de software
(207, 21), -- Investigación operativa
(208, 22), -- Análisis de datos
(209, 23), -- Automatización
(210, 24), -- Programación concurrente
(211, 25), -- Realidad virtual
(212, 26), -- Visión por computadora
(213, 27), -- Procesamiento de lenguaje natural
(214, 28), -- Redes neuronales
(215, 29), -- Ciberseguridad
(216, 30), -- Desarrollo web
(217, 31), -- Programación orientada a objetos
(218, 1),  -- Bases de datos
(219, 2),  -- Análisis de sistemas
(220, 3),  -- Estadística
(221, 4),  -- Inteligencia Artificial
(222, 5),  -- Redes de computadoras
(223, 6),  -- Seguridad informática
(224, 7),  -- Desarrollo de software
(225, 8),  -- Gestión de proyectos
(226, 9),  -- Sistemas distribuidos
(227, 10), -- Computación en la nube, Interfaces de usuario, Gestión de proyectos
(227, 16),
(227, 8),
(228, 11), -- Machine Learning
(229, 12), -- Big Data
(230, 13), -- Blockchain
(231, 14), -- IoT (Internet de las cosas)
(232, 15), -- Computación cuántica
(233, 16), -- Interfaces de usuario
(234, 17), -- Arquitectura de computadoras
(235, 18), -- Sistemas operativos
(236, 19), -- Algoritmos y estructuras de datos
(237, 20), -- Optimización de software
(238, 21), -- Investigación operativa
(239, 22), -- Análisis de datos
(240, 23), -- Automatización
(241, 24), -- Programación concurrente
(242, 25), -- Realidad virtual
(243, 26), -- Visión por computadora
(244, 27), -- Procesamiento de lenguaje natural
(245, 28), -- Redes neuronales
(246, 29), -- Ciberseguridad
(247, 30), -- Desarrollo web
(248, 31), -- Programación orientada a objetos
(249, 1),  -- Bases de datos
(250, 2),  -- Análisis de sistemas
(251, 3),  -- Estadística
(252, 4),  -- Inteligencia Artificial
(253, 5),  -- Redes de computadoras
(254, 6),  -- Seguridad informática
(255, 7),  -- Desarrollo de software
(256, 8),  -- Gestión de proyectos
(257, 9),  -- Sistemas distribuidos
(258, 10), -- Computación en la nube
(259, 11), -- Machine Learning
(260, 12), -- Big Data
(261, 13), -- Blockchain
(262, 14), -- IoT (Internet de las cosas), Investigación operativa
(262, 21),
(263, 15), -- Computación cuántica
(264, 16), -- Interfaces de usuario
(265, 17), -- Arquitectura de computadoras
(266, 18), -- Sistemas operativos
(267, 19), -- Algoritmos y estructuras de datos
(268, 20), -- Optimización de software
(269, 21), -- Investigación operativa
(270, 22), -- Análisis de datos
(271, 23), -- Automatización
(272, 24), -- Programación concurrente
(273, 25), -- Realidad virtual
(274, 26), -- Visión por computadora
(275, 27), -- Procesamiento de lenguaje natural
(276, 28), -- Redes neuronales
(277, 29), -- Ciberseguridad
(278, 30), -- Desarrollo web
(279, 31), -- Programación orientada a objetos
(280, 1),  -- Bases de datos
(281, 2),  -- Análisis de sistemas
(282, 3),  -- Estadística
(283, 4),  -- Inteligencia Artificial
(284, 5),  -- Redes de computadoras
(285, 6),  -- Seguridad informática
(286, 7),  -- Desarrollo de software
(287, 8),  -- Gestión de proyectos
(288, 9),  -- Sistemas distribuidos
(289, 10), -- Computación en la nube
(290, 11), -- Machine Learning
(291, 12), -- Big Data
(292, 13), -- Blockchain
(293, 14), -- IoT (Internet de las cosas)
(294, 15), -- Computación cuántica
(295, 16), -- Interfaces de usuario
(296, 17), -- Arquitectura de computadoras
(297, 18), -- Sistemas operativos
(298, 19), -- Algoritmos y estructuras de datos
(299, 20), -- Optimización de software
(300, 21), -- Investigación operativa, Sistemas distribuidos, Estadística
(300, 9),
(300, 3),
(301, 22), -- Análisis de datos
(302, 23), -- Automatización
(303, 24), -- Programación concurrente
(304, 25), -- Realidad virtual
(305, 26), -- Visión por computadora
(306, 27), -- Procesamiento de lenguaje natural
(307, 28), -- Redes neuronales
(308, 29), -- Ciberseguridad
(309, 30), -- Desarrollo web
(310, 31), -- Programación orientada a objetos
(311, 1),  -- Bases de datos
(312, 2),  -- Análisis de sistemas
(313, 3),  -- Estadística
(314, 4),  -- Inteligencia Artificial
(315, 5),  -- Redes de computadoras
(316, 6),  -- Seguridad informática
(317, 7),  -- Desarrollo de software
(318, 8),  -- Gestión de proyectos
(319, 9),  -- Sistemas distribuidos
(320, 10), -- Computación en la nube
(321, 11), -- Machine Learning
(322, 12), -- Big Data
(323, 13), -- Blockchain
(324, 14), -- IoT (Internet de las cosas)
(325, 15), -- Computación cuántica
(326, 16), -- Interfaces de usuario
(327, 17), -- Arquitectura de computadoras
(328, 18), -- Sistemas operativos
(329, 19), -- Algoritmos y estructuras de datos
(330, 20), -- Optimización de software
(331, 21), -- Investigación operativa
(332, 22), -- Análisis de datos
(333, 23), -- Automatización
(334, 24), -- Programación concurrente
(335, 25), -- Realidad virtual
(336, 26), -- Visión por computadora
(337, 27), -- Procesamiento de lenguaje natural
(338, 28), -- Redes neuronales
(339, 29), -- Ciberseguridad, Seguridad Informática, Análisis de Sistemas
(339, 6),
(339, 2),
(340, 30), -- Desarrollo web
(341, 31), -- Programación orientada a objetos
(342, 1),  -- Bases de datos
(343, 2),  -- Análisis de sistemas
(344, 3),  -- Estadística
(345, 4),  -- Inteligencia Artificial
(346, 5),  -- Redes de computadoras
(347, 6),  -- Seguridad informática
(348, 7),  -- Desarrollo de software
(349, 8),  -- Gestión de proyectos
(350, 9),  -- Sistemas distribuidos
(351, 10), -- Computación en la nube
(352, 11), -- Machine Learning
(353, 12), -- Big Data
(354, 13), -- Blockchain
(355, 14), -- IoT (Internet de las cosas)
(356, 15), -- Computación cuántica
(357, 16), -- Interfaces de usuario
(358, 17), -- Arquitectura de computadoras
(359, 18), -- Sistemas operativos
(360, 19), -- Algoritmos y estructuras de datos
(361, 20), -- Optimización de software
(362, 21), -- Investigación operativa
(363, 22), -- Análisis de datos
(364, 23), -- Automatización
(365, 24), -- Programación concurrente
(366, 25), -- Realidad virtual
(367, 26), -- Visión por computadora
(368, 27), -- Procesamiento de lenguaje natural, Automatización
(368, 23),
(369, 28), -- Redes neuronales
(370, 29), -- Ciberseguridad
(371, 30), -- Desarrollo web
(372, 31), -- Programación orientada a objetos
(373, 1),  -- Bases de datos
(374, 2),  -- Análisis de sistemas
(375, 3),  -- Estadística
(376, 4),  -- Inteligencia Artificial
(377, 5),  -- Redes de computadoras
(378, 6),  -- Seguridad informática
(379, 7),  -- Desarrollo de software
(380, 8),  -- Gestión de proyectos
(381, 9),  -- Sistemas distribuidos
(382, 10), -- Computación en la nube
(383, 11), -- Machine Learning
(384, 12), -- Big Data
(385, 13), -- Blockchain
(386, 14), -- IoT (Internet de las cosas)
(387, 15), -- Computación cuántica
(388, 16), -- Interfaces de usuario
(389, 17), -- Arquitectura de computadoras
(390, 18), -- Sistemas operativos
(391, 19), -- Algoritmos y estructuras de datos
(392, 20), -- Optimización de software
(393, 21), -- Investigación operativa
(394, 22), -- Análisis de datos
(395, 23), -- Automatización
(396, 24), -- Programación concurrente
(397, 25), -- Realidad virtual
(398, 26), -- Visión por computadora
(399, 27), -- Procesamiento de lenguaje natural
(400, 28); -- Redes neuronales

-- Poblar la tabla de relación Revisor_Especialidad (asignando 1 especialidad al azar por revisor)
INSERT INTO Revisor_Especialidad (rutRevisor, idEspecialidad)
VALUES
-- Revisor 13605327-2
('13605327-2', 11),
('13605327-2', 5),
('13605327-2', 21),
('13605327-2', 30),
-- Revisor 12652301-7
('12652301-7', 1),
('12652301-7', 18),
('12652301-7', 7),
('12652301-7', 29),
-- Revisor 7740124-5
('7740124-5', 19),
('7740124-5', 24),
('7740124-5', 2),
('7740124-5', 7),
-- Revisor 23539924-5
('23539924-5', 12),
('23539924-5', 28),
('23539924-5', 17),
('23539924-5', 1),
-- Revisor 7741329-4
('7741329-4', 6),
('7741329-4', 14),
('7741329-4', 31),
('7741329-4', 22),
-- Revisor 11091401-6
('11091401-6', 9),
('11091401-6', 25),
('11091401-6', 4),
('11091401-6', 18),
-- Revisor 24845027-4
('24845027-4', 20),
('24845027-4', 3),
('24845027-4', 15),
('24845027-4', 4),
-- Revisor 9960821-8
('9960821-8', 27),
('9960821-8', 8),
('9960821-8', 22),
('9960821-8', 13),
-- Revisor 21645140-6
('21645140-6', 10),
('21645140-6', 23),
('21645140-6', 5),
('21645140-6', 30),
-- Revisor 16398568-3
('16398568-3', 16),
('16398568-3', 29),
('16398568-3', 11),
('16398568-3', 5),
-- Revisor 5942274-k
('5942274-k', 1),
('5942274-k', 31),
('5942274-k', 19),
('5942274-k', 16),
-- Revisor 7870050-5
('7870050-5', 7),
('7870050-5', 12),
('7870050-5', 20),
('7870050-5', 25),
-- Revisor 5620137-8
('5620137-8', 17),
('5620137-8', 2),
('5620137-8', 26),
('5620137-8', 9),
-- Revisor 17909089-9
('17909089-9', 14),
('17909089-9', 28),
('17909089-9', 6),
('17909089-9', 2),
-- Revisor 11825198-9
('11825198-9', 22),
('11825198-9', 3),
('11825198-9', 9),
('11825198-9', 14),
-- Revisor 20784349-0
('20784349-0', 8),
('20784349-0', 13),
('20784349-0', 30),
('20784349-0', 21),
-- Revisor 21359976-3
('21359976-3', 15),
('21359976-3', 27),
('21359976-3', 10),
('21359976-3', 3),
-- Revisor 24090001-7
('24090001-7', 4),
('24090001-7', 11),
('24090001-7', 29),
('24090001-7', 19),
-- Revisor 24901227-0
('24901227-0', 23),
('24901227-0', 18),
('24901227-0', 1),
('24901227-0', 6),
-- Revisor 11702926-3
('11702926-3', 5),
('11702926-3', 16),
('11702926-3', 21),
('11702926-3', 28),
-- Revisor 17407006-7
('17407006-7', 31),
('17407006-7', 7),
('17407006-7', 24),
('17407006-7', 10),
-- Revisor 14561899-1
('14561899-1', 2),
('14561899-1', 17),
('14561899-1', 9),
('14561899-1', 23),
-- Revisor 8862025-9
('8862025-9', 26),
('8862025-9', 12),
('8862025-9', 20),
('8862025-9', 15),
-- Revisor 24339146-6
('24339146-6', 1),
('24339146-6', 19),
('24339146-6', 27),
('24339146-6', 8),
-- Revisor 24041569-0
('24041569-0', 11),
('24041569-0', 22),
('24041569-0', 6),
('24041569-0', 31),
-- Revisor 22422439-7
('22422439-7', 25),
('22422439-7', 14),
('22422439-7', 4),
('22422439-7', 12),
-- Revisor 19216307-2
('19216307-2', 18),
('19216307-2', 5),
('19216307-2', 10),
('19216307-2', 26),
-- Revisor 9576208-5
('9576208-5', 30),
('9576208-5', 3),
('9576208-5', 13),
('9576208-5', 17),
-- Revisor 5389830-0
('5389830-0', 9),
('5389830-0', 29),
('5389830-0', 15),
('5389830-0', 20),
-- Revisor 18265688-7
('18265688-7', 7),
('18265688-7', 16),
('18265688-7', 24),
('18265688-7', 27),
-- Revisor 24344733-k
('24344733-k', 14),
('24344733-k', 21),
('24344733-k', 30),
('24344733-k', 4),
-- Revisor 12540597-5
('12540597-5', 2),
('12540597-5', 11),
('12540597-5', 28),
('12540597-5', 24),
-- Revisor 21264788-8
('21264788-8', 10),
('21264788-8', 18),
('21264788-8', 25),
('21264788-8', 1),
-- Revisor 7014610-k
('7014610-k', 6),
('7014610-k', 17),
('7014610-k', 31),
('7014610-k', 11),
-- Revisor 21914128-9
('21914128-9', 13),
('21914128-9', 23),
('21914128-9', 5),
('21914128-9', 7),
-- Revisor 8093269-3
('8093269-3', 26),
('8093269-3', 8),
('8093269-3', 12),
('8093269-3', 19),
-- Revisor 13708146-6
('13708146-6', 9),
('13708146-6', 15),
('13708146-6', 22),
('13708146-6', 30),
-- Revisor 10674802-0
('10674802-0', 20),
('10674802-0', 4),
('10674802-0', 14),
('10674802-0', 2),
-- Revisor 20815580-6
('20815580-6', 27),
('20815580-6', 1),
('20815580-6', 29),
('20815580-6', 16),
-- Revisor 19097926-1
('19097926-1', 18),
('19097926-1', 3),
('19097926-1', 10),
('19097926-1', 29),
-- Revisor 12024674-7
('12024674-7', 24),
('12024674-7', 13),
('12024674-7', 31),
('12024674-7', 5),
-- Revisor 9915954-5
('9915954-5', 7),
('9915954-5', 11),
('9915954-5', 19),
('9915954-5', 22),
-- Revisor 8924300-9
('8924300-9', 16),
('8924300-9', 25),
('8924300-9', 6),
('8924300-9', 9),
-- Revisor 16921935-4
('16921935-4', 4),
('16921935-4', 21),
('16921935-4', 28),
('16921935-4', 13),
-- Revisor 24427948-1
('24427948-1', 12),
('24427948-1', 1),
('24427948-1', 17),
('24427948-1', 26),
-- Revisor 17787760-3
('17787760-3', 8),
('17787760-3', 23),
('17787760-3', 5),
('17787760-3', 18),
-- Revisor 24655373-4
('24655373-4', 14),
('24655373-4', 20),
('24655373-4', 27),
('24655373-4', 3),
-- Revisor 22612576-0
('22612576-0', 15),
('22612576-0', 2),
('22612576-0', 11),
('22612576-0', 20),
-- Revisor 20104299-2
('20104299-2', 10),
('20104299-2', 24),
('20104299-2', 17),
('20104299-2', 8),
-- Revisor 9096963-3
('9096963-3', 6),
('9096963-3', 19),
('9096963-3', 28),
('9096963-3', 14);

-- Poblar Articulo_Revisor para artículos 1 a 50
INSERT INTO Articulo_Revisor (idArticulo, rutRevisor)
VALUES
-- Articulo 1 (Tópico 1: Bases de datos)
(1, '12652301-7'),
(1, '5942274-k'),
(1, '24901227-0'),
-- Articulo 2 (Tópico 2: Análisis de sistemas)
(2, '7740124-5'),
(2, '5620137-8'),
(2, '14561899-1'),
-- Articulo 3 (Tópico 3: Estadística)
(3, '11825198-9'),
(3, '9576208-5'),
(3, '19097926-1'),
-- Articulo 4 (Tópico 4: Inteligencia Artificial)
(4, '11091401-6'),
(4, '24090001-7'),
(4, '22422439-7'),
-- Articulo 5 (Tópico 5: Redes de computadoras)
(5, '16398568-3'),
(5, '21645140-6'),
(5, '19216307-2'),
-- Articulo 6 (Tópico 6: Seguridad informática)
(6, '7741329-4'),
(6, '17909089-9'),
(6, '24041569-0'),
-- Articulo 7 (Tópico 7: Desarrollo de software)
(7, '12652301-7'),
(7, '7870050-5'),
(7, '17407006-7'),
-- Articulo 8 (Tópico 8: Gestión de proyectos)
(8, '9960821-8'),
(8, '20784349-0'),
(8, '8093269-3'),
-- Articulo 9 (Tópico 9: Sistemas distribuidos)
(9, '5620137-8'),
(9, '11825198-9'),
(9, '14561899-1'),
-- Articulo 10 (Tópico 10: Computación en la nube)
(10, '21645140-6'),
(10, '21359976-3'),
(10, '19216307-2'),
-- Articulo 11 (Tópico 11: Machine Learning)
(11, '13605327-2'),
(11, '16398568-3'),
(11, '24090001-7'),
-- Articulo 12 (Tópico 12: Big Data)
(12, '23539924-5'),
(12, '7870050-5'),
(12, '8862025-9'),
-- Articulo 13 (Tópico 13: Blockchain)
(13, '9960821-8'),
(13, '20784349-0'),
(13, '9576208-5'),
-- Articulo 14 (Tópico 14: IoT (Internet de las cosas))
(14, '7741329-4'),
(14, '17909089-9'),
(14, '22422439-7'),
-- Articulo 15 (Tópico 15: Computación cuántica)
(15, '24845027-4'),
(15, '21359976-3'),
(15, '5389830-0'),
-- Articulo 16 (Tópico 16: Interfaces de usuario)
(16, '16398568-3'),
(16, '11702926-3'),
(16, '18265688-7'),
-- Articulo 17 (Tópico 17: Arquitectura de computadoras)
(17, '23539924-5'),
(17, '5620137-8'),
(17, '14561899-1'),
-- Articulo 18 (Tópico 18: Sistemas operativos)
(18, '12652301-7'),
(18, '24901227-0'),
(18, '19216307-2'),
-- Articulo 19 (Tópico 19: Algoritmos y estructuras de datos)
(19, '7740124-5'),
(19, '5942274-k'),
(19, '24339146-6'),
-- Articulo 20 (Tópico 20: Optimización de software)
(20, '24845027-4'),
(20, '7870050-5'),
(20, '8862025-9'),
-- Articulo 21 (Tópico 21: Investigación operativa)
(21, '13605327-2'),
(21, '11702926-3'),
(21, '24344733-k'),
-- Articulo 22 (Tópico 22: Análisis de datos)
(22, '7741329-4'),
(22, '9960821-8'),
(22, '11825198-9'),
-- Articulo 23 (Tópico 23: Automatización)
(23, '21645140-6'),
(23, '24901227-0'),
(23, '21914128-9'),
-- Articulo 24 (Tópico 24: Programación concurrente)
(24, '7740124-5'),
(24, '17407006-7'),
(24, '18265688-7'),
-- Articulo 25 (Tópico 25: Realidad virtual)
(25, '11091401-6'),
(25, '22422439-7'),
(25, '8924300-9'),
-- Articulo 26 (Tópico 26: Visión por computadora)
(26, '5620137-8'),
(26, '8862025-9'),
(26, '8093269-3'),
-- Articulo 27 (Tópico 27: Procesamiento de lenguaje natural)
(27, '9960821-8'),
(27, '21359976-3'),
(27, '24339146-6'),
-- Articulo 28 (Tópico 28: Redes neuronales)
(28, '23539924-5'),
(28, '17909089-9'),
(28, '12540597-5'),
-- Articulo 29 (Tópico 29: Ciberseguridad)
(29, '12652301-7'),
(29, '16398568-3'),
(29, '24090001-7'),
-- Articulo 30 (Tópico 30: Desarrollo web)
(30, '13605327-2'),
(30, '21645140-6'),
(30, '20784349-0'),
-- Articulo 31 (Tópico 31: Programación orientada a objetos)
(31, '7741329-4'),
(31, '5942274-k'),
(31, '17407006-7'),
-- Articulo 32 (Tópico 1: Bases de datos)
(32, '24339146-6'),
(32, '20815580-6'),
(32, '24427948-1'),
-- Articulo 33 (Tópico 2: Análisis de sistemas)
(33, '17909089-9'),
(33, '10674802-0'),
(33, '12540597-5'),
-- Articulo 34 (Tópico 3: Estadística)
(34, '24655373-4'),
(34, '19097926-1'),
(34, '9576208-5'),
-- Articulo 35 (Tópico 4: Inteligencia Artificial)
(35, '24845027-4'),
(35, '10674802-0'),
(35, '16921935-4'),
-- Articulo 36 (Tópico 5: Redes de computadoras)
(36, '11702926-3'),
(36, '21914128-9'),
(36, '17787760-3'),
-- Articulo 37 (Tópico 6: Seguridad informática)
(37, '7014610-k'),
(37, '8924300-9'),
(37, '9096963-3'),
-- Articulo 38 (Tópico 7: Desarrollo de software)
(38, '7740124-5'),
(38, '21914128-9'),
(38, '9915954-5'),
-- Articulo 39 (Tópico 8: Gestión de proyectos)
(39, '24339146-6'),
(39, '17787760-3'),
(39, '20104299-2'),
-- Articulo 40 (Tópico 9: Sistemas distribuidos)
(40, '11091401-6'),
(40, '13708146-6'),
(40, '8924300-9'),
-- Articulo 41 (Tópico 10: Computación en la nube)
(41, '17407006-7'),
(41, '21264788-8'),
(41, '19097926-1'),
-- Articulo 42 (Tópico 11: Machine Learning)
(42, '24041569-0'),
(42, '12540597-5'),
(42, '9915954-5'),
-- Articulo 43 (Tópico 12: Big Data)
(43, '22422439-7'),
(43, '8093269-3'),
(43, '24427948-1'),
-- Articulo 44 (Tópico 13: Blockchain)
(44, '20784349-0'),
(44, '21914128-9'),
(44, '12024674-7'),
-- Articulo 45 (Tópico 14: IoT (Internet de las cosas))
(45, '11825198-9'),
(45, '24344733-k'),
(45, '10674802-0'),
-- Articulo 46 (Tópico 15: Computación cuántica)
(46, '8862025-9'),
(46, '13708146-6'),
(46, '22612576-0'),
-- Articulo 47 (Tópico 16: Interfaces de usuario)
(47, '5942274-k'),
(47, '20815580-6'),
(47, '8924300-9'),
-- Articulo 48 (Tópico 17: Arquitectura de computadoras)
(48, '9576208-5'),
(48, '7014610-k'),
(48, '20104299-2'),
-- Articulo 49 (Tópico 18: Sistemas operativos)
(49, '11091401-6'),
(49, '21264788-8'),
(49, '17787760-3'),
-- Articulo 50 (Tópico 19: Algoritmos y estructuras de datos)
(50, '8093269-3'),
(50, '9915954-5'),
(50, '9096963-3'),
-- Articulo 51 (Tópico 20: Optimización de software)
(51, '24845027-4'),
(51, '8862025-9'),
(51, '24655373-4'),
-- Articulo 52 (Tópico 21: Investigación operativa)
(52, '20784349-0'),
(52, '11702926-3'),
(52, '16921935-4'),
-- Articulo 53 (Tópico 22: Análisis de datos)
(53, '7741329-4'),
(53, '11825198-9'),
(53, '13708146-6'),
-- Articulo 54 (Tópico 23: Automatización)
(54, '14561899-1'),
(54, '24901227-0'),
(54, '17787760-3'),
-- Articulo 55 (Tópico 24: Programación concurrente)
(55, '12024674-7'),
(55, '18265688-7'),
(55, '20104299-2'),
-- Articulo 56 (Tópico 25: Realidad virtual)
(56, '11091401-6'),
(56, '21264788-8'),
(56, '8924300-9'),
-- Articulo 57 (Tópico 26: Visión por computadora)
(57, '19216307-2'),
(57, '8093269-3'),
(57, '24427948-1'),
-- Articulo 58 (Tópico 27: Procesamiento de lenguaje natural)
(58, '18265688-7'),
(58, '20815580-6'),
(58, '24655373-4'),
-- Articulo 59 (Tópico 28: Redes neuronales)
(59, '11702926-3'),
(59, '16921935-4'),
(59, '9096963-3'),
-- Articulo 60 (Tópico 29: Ciberseguridad)
(60, '16398568-3'),
(60, '5389830-0'),
(60, '19097926-1'),
-- Articulo 61 (Tópico 30: Desarrollo web)
(61, '9576208-5'),
(61, '13708146-6'),
(61, '24344733-k'),
-- Articulo 62 (Tópico 31: Programación orientada a objetos)
(62, '7741329-4'),
(62, '17407006-7'),
(62, '12024674-7'),
-- Articulo 63 (Tópico 1: Bases de datos)
(63, '12652301-7'),
(63, '23539924-5'),
(63, '21264788-8'),
-- Articulo 64 (Tópico 2: Análisis de sistemas)
(64, '7740124-5'),
(64, '5620137-8'),
(64, '22612576-0'),
-- Articulo 65 (Tópico 3: Estadística)
(65, '11825198-9'),
(65, '19097926-1'),
(65, '24655373-4'),
-- Articulo 66 (Tópico 4: Inteligencia Artificial)
(66, '22422439-7'),
(66, '24344733-k'),
(66, '10674802-0'),
-- Articulo 67 (Tópico 5: Redes de computadoras)
(67, '19216307-2'),
(67, '21914128-9'),
(67, '17787760-3'),
-- Articulo 68 (Tópico 6: Seguridad informática)
(68, '17909089-9'),
(68, '24041569-0'),
(68, '8924300-9'),
-- Articulo 69 (Tópico 7: Desarrollo de software)
(69, '7870050-5'),
(69, '18265688-7'),
(69, '9915954-5'),
-- Articulo 70 (Tópico 8: Gestión de proyectos)
(70, '8093269-3'),
(70, '17787760-3'),
(70, '20104299-2'),
-- Articulo 71 (Tópico 9: Sistemas distribuidos)
(71, '14561899-1'),
(71, '13708146-6'),
(71, '5389830-0'),
-- Articulo 72 (Tópico 10: Computación en la nube)
(72, '19216307-2'),
(72, '19097926-1'),
(72, '20104299-2'),
-- Articulo 73 (Tópico 11: Machine Learning)
(73, '7014610-k'),
(73, '9915954-5'),
(73, '22612576-0'),
-- Articulo 74 (Tópico 12: Big Data)
(74, '23539924-5'),
(74, '8862025-9'),
(74, '24427948-1'),
-- Articulo 75 (Tópico 13: Blockchain)
(75, '9576208-5'),
(75, '21914128-9'),
(75, '16921935-4'),
-- Articulo 76 (Tópico 14: IoT (Internet de las cosas))
(76, '22422439-7'),
(76, '10674802-0'),
(76, '24655373-4'),
-- Articulo 77 (Tópico 15: Computación cuántica)
(77, '5389830-0'),
(77, '13708146-6'),
(77, '22612576-0'),
-- Articulo 78 (Tópico 16: Interfaces de usuario)
(78, '18265688-7'),
(78, '20815580-6'),
(78, '8924300-9'),
-- Articulo 79 (Tópico 17: Arquitectura de computadoras)
(79, '5620137-8'),
(79, '7014610-k'),
(79, '24427948-1'),
-- Articulo 80 (Tópico 18: Sistemas operativos)
(80, '24901227-0'),
(80, '21264788-8'),
(80, '19097926-1'),
-- Articulo 81 (Tópico 19: Algoritmos y estructuras de datos)
(81, '5942274-k'),
(81, '8093269-3'),
(81, '9096963-3'),
-- Articulo 82 (Tópico 20: Optimización de software)
(82, '7870050-5'),
(82, '10674802-0'),
(82, '24655373-4'),
-- Articulo 83 (Tópico 21: Investigación operativa)
(83, '13605327-2'),
(83, '24344733-k'),
(83, '16921935-4'),
-- Articulo 84 (Tópico 22: Análisis de datos)
(84, '9960821-8'),
(84, '24041569-0'),
(84, '9915954-5'),
-- Articulo 85 (Tópico 23: Automatización)
(85, '21645140-6'),
(85, '21914128-9'),
(85, '17787760-3'),
-- Articulo 86 (Tópico 24: Programación concurrente)
(86, '7740124-5'),
(86, '12024674-7'),
(86, '12540597-5'),
-- Articulo 87 (Tópico 25: Realidad virtual)
(87, '7870050-5'),
(87, '21264788-8'),
(87, '8924300-9'),
-- Articulo 88 (Tópico 26: Visión por computadora)
(88, '5620137-8'),
(88, '24427948-1'),
(88, '19216307-2'),
-- Articulo 89 (Tópico 27: Procesamiento de lenguaje natural)
(89, '21359976-3'),
(89, '24339146-6'),
(89, '20815580-6'),
-- Articulo 90 (Tópico 28: Redes neuronales)
(90, '17909089-9'),
(90, '12540597-5'),
(90, '9096963-3'),
-- Articulo 91 (Tópico 29: Ciberseguridad)
(91, '24090001-7'),
(91, '5389830-0'),
(91, '20815580-6'),
-- Articulo 92 (Tópico 30: Desarrollo web)
(92, '13605327-2'),
(92, '9576208-5'),
(92, '13708146-6'),
-- Articulo 93 (Tópico 31: Programación orientada a objetos)
(93, '5942274-k'),
(93, '7014610-k'),
(93, '12024674-7'),
-- Articulo 94 (Tópico 1: Bases de datos)
(94, '5942274-k'),
(94, '24901227-0'),
(94, '20815580-6'),
-- Articulo 95 (Tópico 2: Análisis de sistemas)
(95, '5620137-8'),
(95, '14561899-1'),
(95, '10674802-0'),
-- Articulo 96 (Tópico 3: Estadística)
(96, '9576208-5'),
(96, '19097926-1'),
(96, '24655373-4'),
-- Articulo 97 (Tópico 4: Inteligencia Artificial)
(97, '11091401-6'),
(97, '22422439-7'),
(97, '16921935-4'),
-- Articulo 98 (Tópico 5: Redes de computadoras)
(98, '16398568-3'),
(98, '12024674-7'),
(98, '17787760-3'),
-- Articulo 99 (Tópico 6: Seguridad informática)
(99, '7741329-4'),
(99, '7014610-k'),
(99, '9096963-3'),
-- Articulo 100 (Tópico 7: Desarrollo de software)
(100, '12652301-7'),
(100, '21914128-9'),
(100, '9915954-5'),
-- Articulo 101 (Tópico 8: Gestión de proyectos)
(101, '9960821-8'),
(101, '20784349-0'),
(101, '17787760-3'),
-- Articulo 102 (Tópico 9: Sistemas distribuidos)
(102, '11091401-6'),
(102, '5620137-8'),
(102, '13708146-6'),
-- Articulo 103 (Tópico 10: Computación en la nube)
(103, '21645140-6'),
(103, '21264788-8'),
(103, '20104299-2'),
-- Articulo 104 (Tópico 11: Machine Learning)
(104, '13605327-2'),
(104, '24090001-7'),
(104, '7014610-k'),
-- Articulo 105 (Tópico 12: Big Data)
(105, '7870050-5'),
(105, '22422439-7'),
(105, '8093269-3'),
-- Articulo 106 (Tópico 13: Blockchain)
(106, '20784349-0'),
(106, '21914128-9'),
(106, '16921935-4'),
-- Articulo 107 (Tópico 14: IoT (Internet de las cosas))
(107, '17909089-9'),
(107, '22422439-7'),
(107, '9096963-3'),
-- Articulo 108 (Tópico 15: Computación cuántica)
(108, '24845027-4'),
(108, '8862025-9'),
(108, '13708146-6'),
-- Articulo 109 (Tópico 16: Interfaces de usuario)
(109, '5942274-k'),
(109, '11702926-3'),
(109, '20815580-6'),
-- Articulo 110 (Tópico 17: Arquitectura de computadoras)
(110, '23539924-5'),
(110, '14561899-1'),
(110, '7014610-k'),
-- Articulo 111 (Tópico 18: Sistemas operativos)
(111, '12652301-7'),
(111, '24901227-0'),
(111, '19097926-1'),
-- Articulo 112 (Tópico 19: Algoritmos y estructuras de datos)
(112, '7740124-5'),
(112, '24339146-6'),
(112, '9915954-5'),
-- Articulo 113 (Tópico 20: Optimización de software)
(113, '5389830-0'),
(113, '10674802-0'),
(113, '24655373-4'),
-- Articulo 114 (Tópico 21: Investigación operativa)
(114, '11702926-3'),
(114, '24344733-k'),
(114, '16921935-4'),
-- Articulo 115 (Tópico 22: Análisis de datos)
(115, '11825198-9'),
(115, '24041569-0'),
(115, '13708146-6'),
-- Articulo 116 (Tópico 23: Automatización)
(116, '24901227-0'),
(116, '21914128-9'),
(116, '17787760-3'),
-- Articulo 117 (Tópico 24: Programación concurrente)
(117, '17407006-7'),
(117, '18265688-7'),
(117, '12024674-7'),
-- Articulo 118 (Tópico 25: Realidad virtual)
(118, '11091401-6'),
(118, '22422439-7'),
(118, '21264788-8'),
-- Articulo 119 (Tópico 26: Visión por computadora)
(119, '5620137-8'),
(119, '8862025-9'),
(119, '24427948-1'),
-- Articulo 120 (Tópico 27: Procesamiento de lenguaje natural)
(120, '9960821-8'),
(120, '21359976-3'),
(120, '24655373-4'),
-- Articulo 121 (Tópico 28: Redes neuronales)
(121, '23539924-5'),
(121, '12540597-5'),
(121, '9096963-3'),
-- Articulo 122 (Tópico 29: Ciberseguridad)
(122, '12652301-7'),
(122, '24090001-7'),
(122, '5389830-0'),
-- Articulo 123 (Tópico 30: Desarrollo web)
(123, '13605327-2'),
(123, '20784349-0'),
(123, '24344733-k'),
-- Articulo 124 (Tópico 31: Programación orientada a objetos)
(124, '7741329-4'),
(124, '7014610-k'),
(124, '12024674-7'),
-- Articulo 125 (Tópico 1: Bases de datos)
(125, '24339146-6'),
(125, '20815580-6'),
(125, '24427948-1'),
-- Articulo 126 (Tópico 2: Análisis de sistemas)
(126, '7740124-5'),
(126, '14561899-1'),
(126, '12540597-5'),
-- Articulo 127 (Tópico 3: Estadística)
(127, '11825198-9'),
(127, '9576208-5'),
(127, '19097926-1'),
-- Articulo 128 (Tópico 4: Inteligencia Artificial)
(128, '24845027-4'),
(128, '24090001-7'),
(128, '10674802-0'),
-- Articulo 129 (Tópico 5: Redes de computadoras)
(129, '16398568-3'),
(129, '11702926-3'),
(129, '21914128-9'),
-- Articulo 130 (Tópico 6: Seguridad informática)
(130, '17909089-9'),
(130, '24041569-0'),
(130, '7014610-k'),
-- Articulo 131 (Tópico 7: Desarrollo de software)
(131, '12652301-7'),
(131, '7740124-5'),
(131, '18265688-7'),
-- Articulo 132 (Tópico 8: Gestión de proyectos)
(132, '20784349-0'),
(132, '8093269-3'),
(132, '20104299-2'),
-- Articulo 133 (Tópico 9: Sistemas distribuidos)
(133, '5620137-8'),
(133, '11825198-9'),
(133, '5389830-0'),
-- Articulo 134 (Tópico 10: Computación en la nube)
(134, '21645140-6'),
(134, '17407006-7'),
(134, '19097926-1'),
-- Articulo 135 (Tópico 11: Machine Learning)
(135, '13605327-2'),
(135, '16398568-3'),
(135, '22612576-0'),
-- Articulo 136 (Tópico 12: Big Data)
(136, '23539924-5'),
(136, '22422439-7'),
(136, '8093269-3'),
-- Articulo 137 (Tópico 13: Blockchain)
(137, '9960821-8'),
(137, '9576208-5'),
(137, '12024674-7'),
-- Articulo 138 (Tópico 14: IoT (Internet de las cosas))
(138, '7741329-4'),
(138, '10674802-0'),
(138, '24655373-4'),
-- Articulo 139 (Tópico 15: Computación cuántica)
(139, '21359976-3'),
(139, '5389830-0'),
(139, '22612576-0'),
-- Articulo 140 (Tópico 16: Interfaces de usuario)
(140, '16398568-3'),
(140, '5942274-k'),
(140, '8924300-9'),
-- Articulo 141 (Tópico 17: Arquitectura de computadoras)
(141, '9576208-5'),
(141, '14561899-1'),
(141, '20104299-2'),
-- Articulo 142 (Tópico 18: Sistemas operativos)
(142, '11091401-6'),
(142, '24901227-0'),
(142, '17787760-3'),
-- Articulo 143 (Tópico 19: Algoritmos y estructuras de datos)
(143, '5942274-k'),
(143, '24339146-6'),
(143, '9096963-3'),
-- Articulo 144 (Tópico 20: Optimización de software)
(144, '24845027-4'),
(144, '8862025-9'),
(144, '10674802-0'),
-- Articulo 145 (Tópico 21: Investigación operativa)
(145, '20784349-0'),
(145, '24344733-k'),
(145, '16921935-4'),
-- Articulo 146 (Tópico 22: Análisis de datos)
(146, '7741329-4'),
(146, '24041569-0'),
(146, '9915954-5'),
-- Articulo 147 (Tópico 23: Automatización)
(147, '21645140-6'),
(147, '24901227-0'),
(147, '21914128-9'),
-- Articulo 148 (Tópico 24: Programación concurrente)
(148, '7740124-5'),
(148, '17407006-7'),
(148, '12540597-5'),
-- Articulo 149 (Tópico 25: Realidad virtual)
(149, '7870050-5'),
(149, '22422439-7'),
(149, '8924300-9'),
-- Articulo 150 (Tópico 26: Visión por computadora)
(150, '5620137-8'),
(150, '8093269-3'),
(150, '24427948-1'),
-- Articulo 151 (Tópico 27: Procesamiento de lenguaje natural)
(151, '9960821-8'),
(151, '21359976-3'),
(151, '18265688-7'),
-- Articulo 152 (Tópico 28: Redes neuronales)
(152, '11702926-3'),
(152, '12540597-5'),
(152, '16921935-4'),
-- Articulo 153 (Tópico 29: Ciberseguridad)
(153, '12652301-7'),
(153, '16398568-3'),
(153, '20815580-6'),
-- Articulo 154 (Tópico 30: Desarrollo web)
(154, '13605327-2'),
(154, '9576208-5'),
(154, '13708146-6'),
-- Articulo 155 (Tópico 31: Programación orientada a objetos)
(155, '7741329-4'),
(155, '5942274-k'),
(155, '12024674-7'),
-- Articulo 156 (Tópico 1: Bases de datos)
(156, '12652301-7'),
(156, '24901227-0'),
(156, '24339146-6'),
-- Articulo 157 (Tópico 2: Análisis de sistemas)
(157, '7740124-5'),
(157, '17909089-9'),
(157, '14561899-1'),
-- Articulo 158 (Tópico 3: Estadística)
(158, '11825198-9'),
(158, '9576208-5'),
(158, '24655373-4'),
-- Articulo 159 (Tópico 4: Inteligencia Artificial)
(159, '11091401-6'),
(159, '24845027-4'),
(159, '24090001-7'),
-- Articulo 160 (Tópico 5: Redes de computadoras)
(160, '16398568-3'),
(160, '11702926-3'),
(160, '19216307-2'),
-- Articulo 161 (Tópico 6: Seguridad informática)
(161, '7741329-4'),
(161, '24041569-0'),
(161, '9096963-3'),
-- Articulo 162 (Tópico 7: Desarrollo de software)
(162, '7870050-5'),
(162, '17407006-7'),
(162, '21914128-9'),
-- Articulo 163 (Tópico 8: Gestión de proyectos)
(163, '9960821-8'),
(163, '8093269-3'),
(163, '17787760-3'),
-- Articulo 164 (Tópico 9: Sistemas distribuidos)
(164, '5620137-8'),
(164, '14561899-1'),
(164, '13708146-6'),
-- Articulo 165 (Tópico 10: Computación en la nube)
(165, '21645140-6'),
(165, '21359976-3'),
(165, '19097926-1'),
-- Articulo 166 (Tópico 11: Machine Learning)
(166, '13605327-2'),
(166, '24041569-0'),
(166, '9915954-5'),
-- Articulo 167 (Tópico 12: Big Data)
(167, '23539924-5'),
(167, '8862025-9'),
(167, '24427948-1'),
-- Articulo 168 (Tópico 13: Blockchain)
(168, '20784349-0'),
(168, '21914128-9'),
(168, '16921935-4'),
-- Articulo 169 (Tópico 14: IoT (Internet de las cosas))
(169, '17909089-9'),
(169, '22422439-7'),
(169, '10674802-0'),
-- Articulo 170 (Tópico 15: Computación cuántica)
(170, '24845027-4'),
(170, '5389830-0'),
(170, '13708146-6'),
-- Articulo 171 (Tópico 16: Interfaces de usuario)
(171, '16398568-3'),
(171, '18265688-7'),
(171, '20815580-6'),
-- Articulo 172 (Tópico 17: Arquitectura de computadoras)
(172, '23539924-5'),
(172, '5620137-8'),
(172, '20104299-2'),
-- Articulo 173 (Tópico 18: Sistemas operativos)
(173, '12652301-7'),
(173, '21264788-8'),
(173, '17787760-3'),
-- Articulo 174 (Tópico 19: Algoritmos y estructuras de datos)
(174, '7740124-5'),
(174, '8093269-3'),
(174, '9096963-3'),
-- Articulo 175 (Tópico 20: Optimización de software)
(175, '7870050-5'),
(175, '8862025-9'),
(175, '22612576-0'),
-- Articulo 176 (Tópico 21: Investigación operativa)
(176, '13605327-2'),
(176, '11702926-3'),
(176, '24344733-k'),
-- Articulo 177 (Tópico 22: Análisis de datos)
(177, '7741329-4'),
(177, '9960821-8'),
(177, '9915954-5'),
-- Articulo 178 (Tópico 23: Automatización)
(178, '14561899-1'),
(178, '21914128-9'),
(178, '17787760-3'),
-- Articulo 179 (Tópico 24: Programación concurrente)
(179, '17407006-7'),
(179, '12540597-5'),
(179, '20104299-2'),
-- Articulo 180 (Tópico 25: Realidad virtual)
(180, '11091401-6'),
(180, '21264788-8'),
(180, '8924300-9'),
-- Articulo 181 (Tópico 26: Visión por computadora)
(181, '5620137-8'),
(181, '19216307-2'),
(181, '24427948-1'),
-- Articulo 182 (Tópico 27: Procesamiento de lenguaje natural)
(182, '21359976-3'),
(182, '24339146-6'),
(182, '24655373-4'),
-- Articulo 183 (Tópico 28: Redes neuronales)
(183, '23539924-5'),
(183, '17909089-9'),
(183, '16921935-4'),
-- Articulo 184 (Tópico 29: Ciberseguridad)
(184, '12652301-7'),
(184, '24090001-7'),
(184, '19097926-1'),
-- Articulo 185 (Tópico 30: Desarrollo web)
(185, '13605327-2'),
(185, '9576208-5'),
(185, '24344733-k'),
-- Articulo 186 (Tópico 31: Programación orientada a objetos)
(186, '7741329-4'),
(186, '5942274-k'),
(186, '7014610-k'),
-- Articulo 187 (Tópico 1: Bases de datos)
(187, '5942274-k'),
(187, '24901227-0'),
(187, '21264788-8'),
-- Articulo 188 (Tópico 2: Análisis de sistemas)
(188, '5620137-8'),
(188, '10674802-0'),
(188, '22612576-0'),
-- Articulo 189 (Tópico 3: Estadística)
(189, '11825198-9'),
(189, '19097926-1'),
(189, '24655373-4'),
-- Articulo 190 (Tópico 4: Inteligencia Artificial)
(190, '24090001-7'),
(190, '22422439-7'),
(190, '16921935-4'),
-- Articulo 191 (Tópico 5: Redes de computadoras)
(191, '21645140-6'),
(191, '12024674-7'),
(191, '17787760-3'),
-- Articulo 192 (Tópico 6: Seguridad informática)
(192, '17909089-9'),
(192, '8924300-9'),
(192, '9096963-3'),
-- Articulo 193 (Tópico 7: Desarrollo de software)
(193, '12652301-7'),
(193, '7740124-5'),
(193, '9915954-5'),
-- Articulo 194 (Tópico 8: Gestión de proyectos)
(194, '9960821-8'),
(194, '17787760-3'),
(194, '20104299-2'),
-- Articulo 195 (Tópico 9: Sistemas distribuidos)
(195, '11091401-6'),
(195, '11825198-9'),
(195, '8924300-9'),
-- Articulo 196 (Tópico 10: Computación en la nube)
(196, '17407006-7'),
(196, '21264788-8'),
(196, '19097926-1'),
-- Articulo 197 (Tópico 11: Machine Learning)
(197, '13605327-2'),
(197, '7014610-k'),
(197, '22612576-0'),
-- Articulo 198 (Tópico 12: Big Data)
(198, '7870050-5'),
(198, '8862025-9'),
(198, '24427948-1'),
-- Articulo 199 (Tópico 13: Blockchain)
(199, '9960821-8'),
(199, '12024674-7'),
(199, '16921935-4'),
-- Articulo 200 (Tópico 14: IoT (Internet de las cosas))
(200, '7741329-4'),
(200, '24344733-k'),
(200, '9096963-3'),
-- Articulo 201 (Tópico 15: Computación cuántica)
(201, '21359976-3'),
(201, '8862025-9'),
(201, '13708146-6'),
-- Articulo 202 (Tópico 16: Interfaces de usuario)
(202, '16398568-3'),
(202, '11702926-3'),
(202, '18265688-7'),
-- Articulo 203 (Tópico 17: Arquitectura de computadoras)
(203, '23539924-5'),
(203, '5620137-8'),
(203, '7014610-k'),
-- Articulo 204 (Tópico 18: Sistemas operativos)
(204, '11091401-6'),
(204, '24901227-0'),
(204, '19216307-2'),
-- Articulo 205 (Tópico 19: Algoritmos y estructuras de datos)
(205, '7740124-5'),
(205, '5942274-k'),
(205, '8093269-3'),
-- Articulo 206 (Tópico 20: Optimización de software)
(206, '24845027-4'),
(206, '5389830-0'),
(206, '22612576-0'),
-- Articulo 207 (Tópico 21: Investigación operativa)
(207, '20784349-0'),
(207, '11702926-3'),
(207, '24344733-k'),
-- Articulo 208 (Tópico 22: Análisis de datos)
(208, '7741329-4'),
(208, '11825198-9'),
(208, '13708146-6'),
-- Articulo 209 (Tópico 23: Automatización)
(209, '14561899-1'),
(209, '24901227-0'),
(209, '17787760-3'),
-- Articulo 210 (Tópico 24: Programación concurrente)
(210, '17407006-7'),
(210, '12540597-5'),
(210, '12024674-7'),
-- Articulo 211 (Tópico 25: Realidad virtual)
(211, '11091401-6'),
(211, '7870050-5'),
(211, '8924300-9'),
-- Articulo 212 (Tópico 26: Visión por computadora)
(212, '5620137-8'),
(212, '8862025-9'),
(212, '19216307-2'),
-- Articulo 213 (Tópico 27: Procesamiento de lenguaje natural)
(213, '9960821-8'),
(213, '24339146-6'),
(213, '24655373-4'),
-- Articulo 214 (Tópico 28: Redes neuronales)
(214, '11702926-3'),
(214, '17909089-9'),
(214, '9096963-3'),
-- Articulo 215 (Tópico 29: Ciberseguridad)
(215, '12652301-7'),
(215, '5389830-0'),
(215, '19097926-1'),
-- Articulo 216 (Tópico 30: Desarrollo web)
(216, '13605327-2'),
(216, '21645140-6'),
(216, '13708146-6'),
-- Articulo 217 (Tópico 31: Programación orientada a objetos)
(217, '7741329-4'),
(217, '5942274-k'),
(217, '7014610-k'),
-- Articulo 218 (Tópico 1: Bases de datos)
(218, '12652301-7'),
(218, '5942274-k'),
(218, '20815580-6'),
-- Articulo 219 (Tópico 2: Análisis de sistemas)
(219, '7740124-5'),
(219, '14561899-1'),
(219, '10674802-0'),
-- Articulo 220 (Tópico 3: Estadística)
(220, '11825198-9'),
(220, '19097926-1'),
(220, '24655373-4'),
-- Articulo 221 (Tópico 4: Inteligencia Artificial)
(221, '11091401-6'),
(221, '24344733-k'),
(221, '16921935-4'),
-- Articulo 222 (Tópico 5: Redes de computadoras)
(222, '16398568-3'),
(222, '21914128-9'),
(222, '17787760-3'),
-- Articulo 223 (Tópico 6: Seguridad informática)
(223, '17909089-9'),
(223, '24041569-0'),
(223, '8924300-9'),
-- Articulo 224 (Tópico 7: Desarrollo de software)
(224, '12652301-7'),
(224, '7740124-5'),
(224, '21914128-9'),
-- Articulo 225 (Tópico 8: Gestión de proyectos)
(225, '9960821-8'),
(225, '20784349-0'),
(225, '20104299-2'),
-- Articulo 226 (Tópico 9: Sistemas distribuidos)
(226, '5620137-8'),
(226, '11825198-9'),
(226, '13708146-6'),
-- Articulo 227 (Tópico 10: Computación en la nube)
(227, '21645140-6'),
(227, '21359976-3'),
(227, '20104299-2'),
-- Articulo 228 (Tópico 11: Machine Learning)
(228, '13605327-2'),
(228, '16398568-3'),
(228, '7014610-k'),
-- Articulo 229 (Tópico 12: Big Data)
(229, '23539924-5'),
(229, '7870050-5'),
(229, '8093269-3'),
-- Articulo 230 (Tópico 13: Blockchain)
(230, '9960821-8'),
(230, '21914128-9'),
(230, '12024674-7'),
-- Articulo 231 (Tópico 14: IoT (Internet de las cosas))
(231, '17909089-9'),
(231, '24344733-k'),
(231, '9096963-3'),
-- Articulo 232 (Tópico 15: Computación cuántica)
(232, '24845027-4'),
(232, '8862025-9'),
(232, '13708146-6'),
-- Articulo 233 (Tópico 16: Interfaces de usuario)
(233, '16398568-3'),
(233, '11702926-3'),
(233, '8924300-9'),
-- Articulo 234 (Tópico 17: Arquitectura de computadoras)
(234, '9576208-5'),
(234, '14561899-1'),
(234, '24427948-1'),
-- Articulo 235 (Tópico 18: Sistemas operativos)
(235, '12652301-7'),
(235, '21264788-8'),
(235, '19097926-1'),
-- Articulo 236 (Tópico 19: Algoritmos y estructuras de datos)
(236, '7740124-5'),
(236, '8093269-3'),
(236, '9096963-3'),
-- Articulo 237 (Tópico 20: Optimización de software)
(237, '5389830-0'),
(237, '10674802-0'),
(237, '24655373-4'),
-- Articulo 238 (Tópico 21: Investigación operativa)
(238, '11702926-3'),
(238, '24344733-k'),
(238, '16921935-4'),
-- Articulo 239 (Tópico 22: Análisis de datos)
(239, '7741329-4'),
(239, '11825198-9'),
(239, '9915954-5'),
-- Articulo 240 (Tópico 23: Automatización)
(240, '14561899-1'),
(240, '21914128-9'),
(240, '17787760-3'),
-- Articulo 241 (Tópico 24: Programación concurrente)
(241, '17407006-7'),
(241, '12540597-5'),
(241, '12024674-7'),
-- Articulo 242 (Tópico 25: Realidad virtual)
(242, '11091401-6'),
(242, '7870050-5'),
(242, '21264788-8'),
-- Articulo 243 (Tópico 26: Visión por computadora)
(243, '5620137-8'),
(243, '8862025-9'),
(243, '19216307-2'),
-- Articulo 244 (Tópico 27: Procesamiento de lenguaje natural)
(244, '9960821-8'),
(244, '24339146-6'),
(244, '20815580-6'),
-- Articulo 245 (Tópico 28: Redes neuronales)
(245, '11702926-3'),
(245, '17909089-9'),
(245, '16921935-4'),
-- Articulo 246 (Tópico 29: Ciberseguridad)
(246, '12652301-7'),
(246, '24090001-7'),
(246, '5389830-0'),
-- Articulo 247 (Tópico 30: Desarrollo web)
(247, '13605327-2'),
(247, '20784349-0'),
(247, '9576208-5'),
-- Articulo 248 (Tópico 31: Programación orientada a objetos)
(248, '7741329-4'),
(248, '5942274-k'),
(248, '7014610-k'),
-- Articulo 249 (Tópico 1: Bases de datos)
(249, '24339146-6'),
(249, '20815580-6'),
(249, '24427948-1'),
-- Articulo 250 (Tópico 2: Análisis de sistemas)
(250, '7740124-5'),
(250, '17909089-9'),
(250, '10674802-0'),
-- Articulo 251 (Tópico 3: Estadística)
(251, '11825198-9'),
(251, '9576208-5'),
(251, '24655373-4'),
-- Articulo 252 (Tópico 4: Inteligencia Artificial)
(252, '11091401-6'),
(252, '24090001-7'),
(252, '10674802-0'),
-- Articulo 253 (Tópico 5: Redes de computadoras)
(253, '16398568-3'),
(253, '11702926-3'),
(253, '17787760-3'),
-- Articulo 254 (Tópico 6: Seguridad informática)
(254, '7741329-4'),
(254, '17909089-9'),
(254, '7014610-k'),
-- Articulo 255 (Tópico 7: Desarrollo de software)
(255, '7740124-5'),
(255, '18265688-7'),
(255, '9915954-5'),
-- Articulo 256 (Tópico 8: Gestión de proyectos)
(256, '9960821-8'),
(256, '8093269-3'),
(256, '20104299-2'),
-- Articulo 257 (Tópico 9: Sistemas distribuidos)
(257, '11091401-6'),
(257, '14561899-1'),
(257, '8924300-9'),
-- Articulo 258 (Tópico 10: Computación en la nube)
(258, '21645140-6'),
(258, '21264788-8'),
(258, '19097926-1'),
-- Articulo 259 (Tópico 11: Machine Learning)
(259, '13605327-2'),
(259, '24041569-0'),
(259, '22612576-0'),
-- Articulo 260 (Tópico 12: Big Data)
(260, '7870050-5'),
(260, '22422439-7'),
(260, '24427948-1'),
-- Articulo 261 (Tópico 13: Blockchain)
(261, '9960821-8'),
(261, '9576208-5'),
(261, '12024674-7'),
-- Articulo 262 (Tópico 14: IoT (Internet de las cosas))
(262, '17909089-9'),
(262, '22422439-7'),
(262, '10674802-0'),
-- Articulo 263 (Tópico 15: Computación cuántica)
(263, '24845027-4'),
(263, '21359976-3'),
(263, '5389830-0'),
-- Articulo 264 (Tópico 16: Interfaces de usuario)
(264, '16398568-3'),
(264, '11702926-3'),
(264, '20815580-6'),
-- Articulo 265 (Tópico 17: Arquitectura de computadoras)
(265, '5620137-8'),
(265, '14561899-1'),
(265, '7014610-k'),
-- Articulo 266 (Tópico 18: Sistemas operativos)
(266, '12652301-7'),
(266, '24901227-0'),
(266, '21264788-8'),
-- Articulo 267 (Tópico 19: Algoritmos y estructuras de datos)
(267, '7740124-5'),
(267, '24339146-6'),
(267, '9915954-5'),
-- Articulo 268 (Tópico 20: Optimización de software)
(268, '7870050-5'),
(268, '8862025-9'),
(268, '10674802-0'),
-- Articulo 269 (Tópico 21: Investigación operativa)
(269, '13605327-2'),
(269, '20784349-0'),
(269, '11702926-3'),
-- Articulo 270 (Tópico 22: Análisis de datos)
(270, '9960821-8'),
(270, '11825198-9'),
(270, '13708146-6'),
-- Articulo 271 (Tópico 23: Automatización)
(271, '21645140-6'),
(271, '14561899-1'),
(271, '17787760-3'),
-- Articulo 272 (Tópico 24: Programación concurrente)
(272, '7740124-5'),
(272, '17407006-7'),
(272, '12540597-5'),
-- Articulo 273 (Tópico 25: Realidad virtual)
(273, '11091401-6'),
(273, '7870050-5'),
(273, '21264788-8'),
-- Articulo 274 (Tópico 26: Visión por computadora)
(274, '5620137-8'),
(274, '8862025-9'),
(274, '8093269-3'),
-- Articulo 275 (Tópico 27: Procesamiento de lenguaje natural)
(275, '9960821-8'),
(275, '21359976-3'),
(275, '24339146-6'),
-- Articulo 276 (Tópico 28: Redes neuronales)
(276, '23539924-5'),
(276, '11702926-3'),
(276, '16921935-4'),
-- Articulo 277 (Tópico 29: Ciberseguridad)
(277, '12652301-7'),
(277, '16398568-3'),
(277, '20815580-6'),
-- Articulo 278 (Tópico 30: Desarrollo web)
(278, '21645140-6'),
(278, '20784349-0'),
(278, '13708146-6'),
-- Articulo 279 (Tópico 31: Programación orientada a objetos)
(279, '7741329-4'),
(279, '17407006-7'),
(279, '12024674-7'),
-- Articulo 280 (Tópico 1: Bases de datos)
(280, '23539924-5'),
(280, '24901227-0'),
(280, '21264788-8'),
-- Articulo 281 (Tópico 2: Análisis de sistemas)
(281, '5620137-8'),
(281, '17909089-9'),
(281, '12540597-5'),
-- Articulo 282 (Tópico 3: Estadística)
(282, '9576208-5'),
(282, '19097926-1'),
(282, '24655373-4'),
-- Articulo 283 (Tópico 4: Inteligencia Artificial)
(283, '11091401-6'),
(283, '24845027-4'),
(283, '24344733-k'),
-- Articulo 284 (Tópico 5: Redes de computadoras)
(284, '16398568-3'),
(284, '11702926-3'),
(284, '21914128-9'),
-- Articulo 285 (Tópico 6: Seguridad informática)
(285, '7741329-4'),
(285, '24901227-0'),
(285, '24041569-0'),
-- Articulo 286 (Tópico 7: Desarrollo de software)
(286, '12652301-7'),
(286, '7870050-5'),
(286, '17407006-7'),
-- Articulo 287 (Tópico 8: Gestión de proyectos)
(287, '20784349-0'),
(287, '24339146-6'),
(287, '17787760-3'),
-- Articulo 288 (Tópico 9: Sistemas distribuidos)
(288, '5620137-8'),
(288, '11825198-9'),
(288, '5389830-0'),
-- Articulo 289 (Tópico 10: Computación en la nube)
(289, '21359976-3'),
(289, '17407006-7'),
(289, '20104299-2'),
-- Articulo 290 (Tópico 11: Machine Learning)
(290, '16398568-3'),
(290, '24090001-7'),
(290, '7014610-k'),
-- Articulo 291 (Tópico 12: Big Data)
(291, '23539924-5'),
(291, '8862025-9'),
(291, '8093269-3'),
-- Articulo 292 (Tópico 13: Blockchain)
(292, '20784349-0'),
(292, '21914128-9'),
(292, '16921935-4'),
-- Articulo 293 (Tópico 14: IoT (Internet de las cosas))
(293, '7741329-4'),
(293, '24344733-k'),
(293, '24655373-4'),
-- Articulo 294 (Tópico 15: Computación cuántica)
(294, '8862025-9'),
(294, '13708146-6'),
(294, '22612576-0'),
-- Articulo 295 (Tópico 16: Interfaces de usuario)
(295, '5942274-k'),
(295, '18265688-7'),
(295, '8924300-9'),
-- Articulo 296 (Tópico 17: Arquitectura de computadoras)
(296, '23539924-5'),
(296, '9576208-5'),
(296, '20104299-2'),
-- Articulo 297 (Tópico 18: Sistemas operativos)
(297, '11091401-6'),
(297, '19216307-2'),
(297, '17787760-3'),
-- Articulo 298 (Tópico 19: Algoritmos y estructuras de datos)
(298, '5942274-k'),
(298, '24090001-7'),
(298, '9096963-3'),
-- Articulo 299 (Tópico 20: Optimización de software)
(299, '24845027-4'),
(299, '5389830-0'),
(299, '22612576-0'),
-- Articulo 300 (Tópico 21: Investigación operativa)
(300, '13605327-2'),
(300, '11702926-3'),
(300, '16921935-4'),
-- Articulo 301 (Tópico 22: Análisis de datos)
(301, '7741329-4'),
(301, '9960821-8'),
(301, '24041569-0'),
-- Articulo 302 (Tópico 23: Automatización)
(302, '21645140-6'),
(302, '24901227-0'),
(302, '17787760-3'),
-- Articulo 303 (Tópico 24: Programación concurrente)
(303, '7740124-5'),
(303, '18265688-7'),
(303, '20104299-2'),
-- Articulo 304 (Tópico 25: Realidad virtual)
(304, '11091401-6'),
(304, '22422439-7'),
(304, '8924300-9'),
-- Articulo 305 (Tópico 26: Visión por computadora)
(305, '5620137-8'),
(305, '19216307-2'),
(305, '24427948-1'),
-- Articulo 306 (Tópico 27: Procesamiento de lenguaje natural)
(306, '21359976-3'),
(306, '18265688-7'),
(306, '20815580-6'),
-- Articulo 307 (Tópico 28: Redes neuronales)
(307, '23539924-5'),
(307, '12540597-5'),
(307, '9096963-3'),
-- Articulo 308 (Tópico 29: Ciberseguridad)
(308, '12652301-7'),
(308, '24090001-7'),
(308, '19097926-1'),
-- Articulo 309 (Tópico 30: Desarrollo web)
(309, '13605327-2'),
(309, '21645140-6'),
(309, '24344733-k'),
-- Articulo 310 (Tópico 31: Programación orientada a objetos)
(310, '7741329-4'),
(310, '17407006-7'),
(310, '7014610-k'),
-- Articulo 311 (Tópico 1: Bases de datos)
(311, '5942274-k'),
(311, '24901227-0'),
(311, '24427948-1'),
-- Articulo 312 (Tópico 2: Análisis de sistemas)
(312, '5620137-8'),
(312, '14561899-1'),
(312, '12540597-5'),
-- Articulo 313 (Tópico 3: Estadística)
(313, '9576208-5'),
(313, '19097926-1'),
(313, '24655373-4'),
-- Articulo 314 (Tópico 4: Inteligencia Artificial)
(314, '24845027-4'),
(314, '24344733-k'),
(314, '16921935-4'),
-- Articulo 315 (Tópico 5: Redes de computadoras)
(315, '11702926-3'),
(315, '21914128-9'),
(315, '17787760-3'),
-- Articulo 316 (Tópico 6: Seguridad informática)
(316, '17909089-9'),
(316, '24901227-0'),
(316, '8924300-9'),
-- Articulo 317 (Tópico 7: Desarrollo de software)
(317, '12652301-7'),
(317, '7740124-5'),
(317, '17407006-7'),
-- Articulo 318 (Tópico 8: Gestión de proyectos)
(318, '9960821-8'),
(318, '24339146-6'),
(318, '20104299-2'),
-- Articulo 319 (Tópico 9: Sistemas distribuidos)
(319, '11091401-6'),
(319, '13708146-6'),
(319, '8924300-9'),
-- Articulo 320 (Tópico 10: Computación en la nube)
(320, '21645140-6'),
(320, '21359976-3'),
(320, '19097926-1'),
-- Articulo 321 (Tópico 11: Machine Learning)
(321, '13605327-2'),
(321, '24090001-7'),
(321, '9915954-5'),
-- Articulo 322 (Tópico 12: Big Data)
(322, '23539924-5'),
(322, '8862025-9'),
(322, '8093269-3'),
-- Articulo 323 (Tópico 13: Blockchain)
(323, '20784349-0'),
(323, '9576208-5'),
(323, '16921935-4'),
-- Articulo 324 (Tópico 14: IoT (Internet de las cosas))
(324, '11825198-9'),
(324, '22422439-7'),
(324, '9096963-3'),
-- Articulo 325 (Tópico 15: Computación cuántica)
(325, '24845027-4'),
(325, '5389830-0'),
(325, '22612576-0'),
-- Articulo 326 (Tópico 16: Interfaces de usuario)
(326, '16398568-3'),
(326, '5942274-k'),
(326, '20815580-6'),
-- Articulo 327 (Tópico 17: Arquitectura de computadoras)
(327, '5620137-8'),
(327, '14561899-1'),
(327, '7014610-k'),
-- Articulo 328 (Tópico 18: Sistemas operativos)
(328, '12652301-7'),
(328, '24901227-0'),
(328, '21264788-8'),
-- Articulo 329 (Tópico 19: Algoritmos y estructuras de datos)
(329, '7740124-5'),
(329, '8093269-3'),
(329, '9915954-5'),
-- Articulo 330 (Tópico 20: Optimización de software)
(330, '7870050-5'),
(330, '8862025-9'),
(330, '10674802-0'),
-- Articulo 331 (Tópico 21: Investigación operativa)
(331, '13605327-2'),
(331, '11702926-3'),
(331, '16921935-4'),
-- Articulo 332 (Tópico 22: Análisis de datos)
(332, '9960821-8'),
(332, '11825198-9'),
(332, '13708146-6'),
-- Articulo 333 (Tópico 23: Automatización)
(333, '21645140-6'),
(333, '14561899-1'),
(333, '17787760-3'),
-- Articulo 334 (Tópico 24: Programación concurrente)
(334, '17407006-7'),
(334, '12540597-5'),
(334, '12024674-7'),
-- Articulo 335 (Tópico 25: Realidad virtual)
(335, '11091401-6'),
(335, '7870050-5'),
(335, '21264788-8'),
-- Articulo 336 (Tópico 26: Visión por computadora)
(336, '5620137-8'),
(336, '8862025-9'),
(336, '8093269-3'),
-- Articulo 337 (Tópico 27: Procesamiento de lenguaje natural)
(337, '9960821-8'),
(337, '21359976-3'),
(337, '24339146-6'),
-- Articulo 338 (Tópico 28: Redes neuronales)
(338, '23539924-5'),
(338, '11702926-3'),
(338, '16921935-4'),
-- Articulo 339 (Tópico 29: Ciberseguridad)
(339, '12652301-7'),
(339, '16398568-3'),
(339, '20815580-6'),
-- Articulo 340 (Tópico 30: Desarrollo web)
(340, '21645140-6'),
(340, '20784349-0'),
(340, '9576208-5'),
-- Articulo 341 (Tópico 31: Programación orientada a objetos)
(341, '7741329-4'),
(341, '17407006-7'),
(341, '12024674-7'),
-- Articulo 342 (Tópico 1: Bases de datos)
(342, '23539924-5'),
(342, '24901227-0'),
(342, '21264788-8'),
-- Articulo 343 (Tópico 2: Análisis de sistemas)
(343, '5620137-8'),
(343, '17909089-9'),
(343, '12540597-5'),
-- Articulo 344 (Tópico 3: Estadística)
(344, '9576208-5'),
(344, '19097926-1'),
(344, '24655373-4'),
-- Articulo 345 (Tópico 4: Inteligencia Artificial)
(345, '11091401-6'),
(345, '24845027-4'),
(345, '24344733-k'),
-- Articulo 346 (Tópico 5: Redes de computadoras)
(346, '16398568-3'),
(346, '11702926-3'),
(346, '21914128-9'),
-- Articulo 347 (Tópico 6: Seguridad informática)
(347, '7741329-4'),
(347, '24901227-0'),
(347, '24041569-0'),
-- Articulo 348 (Tópico 7: Desarrollo de software)
(348, '12652301-7'),
(348, '7870050-5'),
(348, '17407006-7'),
-- Articulo 349 (Tópico 8: Gestión de proyectos)
(349, '20784349-0'),
(349, '24339146-6'),
(349, '17787760-3'),
-- Articulo 350 (Tópico 9: Sistemas distribuidos)
(350, '5620137-8'),
(350, '11825198-9'),
(350, '5389830-0'),
-- Articulo 351 (Tópico 10: Computación en la nube)
(351, '21359976-3'),
(351, '17407006-7'),
(351, '20104299-2'),
-- Articulo 352 (Tópico 11: Machine Learning)
(352, '16398568-3'),
(352, '24090001-7'),
(352, '7014610-k'),
-- Articulo 353 (Tópico 12: Big Data)
(353, '23539924-5'),
(353, '8862025-9'),
(353, '8093269-3'),
-- Articulo 354 (Tópico 13: Blockchain)
(354, '20784349-0'),
(354, '21914128-9'),
(354, '16921935-4'),
-- Articulo 355 (Tópico 14: IoT (Internet de las cosas))
(355, '7741329-4'),
(355, '24344733-k'),
(355, '24655373-4'),
-- Articulo 356 (Tópico 15: Computación cuántica)
(356, '8862025-9'),
(356, '13708146-6'),
(356, '22612576-0'),
-- Articulo 357 (Tópico 16: Interfaces de usuario)
(357, '5942274-k'),
(357, '18265688-7'),
(357, '8924300-9'),
-- Articulo 358 (Tópico 17: Arquitectura de computadoras)
(358, '23539924-5'),
(358, '9576208-5'),
(358, '20104299-2'),
-- Articulo 359 (Tópico 18: Sistemas operativos)
(359, '11091401-6'),
(359, '19216307-2'),
(359, '17787760-3'),
-- Articulo 360 (Tópico 19: Algoritmos y estructuras de datos)
(360, '5942274-k'),
(360, '24090001-7'),
(360, '9096963-3'),
-- Articulo 361 (Tópico 20: Optimización de software)
(361, '24845027-4'),
(361, '5389830-0'),
(361, '22612576-0'),
-- Articulo 362 (Tópico 21: Investigación operativa)
(362, '13605327-2'),
(362, '11702926-3'),
(362, '16921935-4'),
-- Articulo 363 (Tópico 22: Análisis de datos)
(363, '7741329-4'),
(363, '9960821-8'),
(363, '24041569-0'),
-- Articulo 364 (Tópico 23: Automatización)
(364, '21645140-6'),
(364, '24901227-0'),
(364, '17787760-3'),
-- Articulo 365 (Tópico 24: Programación concurrente)
(365, '7740124-5'),
(365, '18265688-7'),
(365, '20104299-2'),
-- Articulo 366 (Tópico 25: Realidad virtual)
(366, '11091401-6'),
(366, '22422439-7'),
(366, '8924300-9'),
-- Articulo 367 (Tópico 26: Visión por computadora)
(367, '5620137-8'),
(367, '19216307-2'),
(367, '24427948-1'),
-- Articulo 368 (Tópico 27: Procesamiento de lenguaje natural)
(368, '21359976-3'),
(368, '18265688-7'),
(368, '20815580-6'),
-- Articulo 369 (Tópico 28: Redes neuronales)
(369, '23539924-5'),
(369, '12540597-5'),
(369, '9096963-3'),
-- Articulo 370 (Tópico 29: Ciberseguridad)
(370, '12652301-7'),
(370, '24090001-7'),
(370, '19097926-1'),
-- Articulo 371 (Tópico 30: Desarrollo web)
(371, '13605327-2'),
(371, '21645140-6'),
(371, '24344733-k'),
-- Articulo 372 (Tópico 31: Programación orientada a objetos)
(372, '7741329-4'),
(372, '17407006-7'),
(372, '7014610-k'),
-- Articulo 373 (Tópico 1: Bases de datos)
(373, '5942274-k'),
(373, '24901227-0'),
(373, '24427948-1'),
-- Articulo 374 (Tópico 2: Análisis de sistemas)
(374, '5620137-8'),
(374, '14561899-1'),
(374, '12540597-5'),
-- Articulo 375 (Tópico 3: Estadística)
(375, '9576208-5'),
(375, '19097926-1'),
(375, '24655373-4'),
-- Articulo 376 (Tópico 4: Inteligencia Artificial)
(376, '24845027-4'),
(376, '24344733-k'),
(376, '16921935-4'),
-- Articulo 377 (Tópico 5: Redes de computadoras)
(377, '11702926-3'),
(377, '21914128-9'),
(377, '17787760-3'),
-- Articulo 378 (Tópico 6: Seguridad informática)
(378, '17909089-9'),
(378, '24901227-0'),
(378, '8924300-9'),
-- Articulo 379 (Tópico 7: Desarrollo de software)
(379, '12652301-7'),
(379, '7740124-5'),
(379, '17407006-7'),
-- Articulo 380 (Tópico 8: Gestión de proyectos)
(380, '9960821-8'),
(380, '24339146-6'),
(380, '20104299-2'),
-- Articulo 381 (Tópico 9: Sistemas distribuidos)
(381, '11091401-6'),
(381, '13708146-6'),
(381, '8924300-9'),
-- Articulo 382 (Tópico 10: Computación en la nube)
(382, '21645140-6'),
(382, '21359976-3'),
(382, '19097926-1'),
-- Articulo 383 (Tópico 11: Machine Learning)
(383, '13605327-2'),
(383, '24090001-7'),
(383, '9915954-5'),
-- Articulo 384 (Tópico 12: Big Data)
(384, '23539924-5'),
(384, '8862025-9'),
(384, '8093269-3'),
-- Articulo 385 (Tópico 13: Blockchain)
(385, '20784349-0'),
(385, '9576208-5'),
(385, '16921935-4'),
-- Articulo 386 (Tópico 14: IoT (Internet de las cosas))
(386, '11825198-9'),
(386, '22422439-7'),
(386, '9096963-3'),
-- Articulo 387 (Tópico 15: Computación cuántica)
(387, '24845027-4'),
(387, '5389830-0'),
(387, '22612576-0'),
-- Articulo 388 (Tópico 16: Interfaces de usuario)
(388, '16398568-3'),
(388, '5942274-k'),
(388, '20815580-6'),
-- Articulo 389 (Tópico 17: Arquitectura de computadoras)
(389, '5620137-8'),
(389, '14561899-1'),
(389, '7014610-k'),
-- Articulo 390 (Tópico 18: Sistemas operativos)
(390, '12652301-7'),
(390, '24901227-0'),
(390, '21264788-8'),
-- Articulo 391 (Tópico 19: Algoritmos y estructuras de datos)
(391, '7740124-5'),
(391, '8093269-3'),
(391, '9915954-5'),
-- Articulo 392 (Tópico 20: Optimización de software)
(392, '7870050-5'),
(392, '8862025-9'),
(392, '10674802-0'),
-- Articulo 393 (Tópico 21: Investigación operativa)
(393, '13605327-2'),
(393, '11702926-3'),
(393, '16921935-4'),
-- Articulo 394 (Tópico 22: Análisis de datos)
(394, '9960821-8'),
(394, '11825198-9'),
(394, '13708146-6'),
-- Articulo 395 (Tópico 23: Automatización)
(395, '21645140-6'),
(395, '14561899-1'),
(395, '17787760-3'),
-- Articulo 396 (Tópico 24: Programación concurrente)
(396, '17407006-7'),
(396, '12540597-5'),
(396, '12024674-7'),
-- Articulo 397 (Tópico 25: Realidad virtual)
(397, '11091401-6'),
(397, '7870050-5'),
(397, '21264788-8'),
-- Articulo 398 (Tópico 26: Visión por computadora)
(398, '5620137-8'),
(398, '8862025-9'),
(398, '8093269-3'),
-- Articulo 399 (Tópico 27: Procesamiento de lenguaje natural)
(399, '9960821-8'),
(399, '21359976-3'),
(399, '24339146-6'),
-- Articulo 400 (Tópico 28: Redes neuronales)
(400, '23539924-5'),
(400, '11702926-3'),
(400, '16921935-4');

-- Poblar Autor_Articulo para artículos 1 a 50
-- NOTA: Se ignora la restricción de especialidad del autor por falta de tabla Autor_Especialidad.
-- Se asigna 1 autor por defecto, y aleatoriamente 2 o 3 a algunos artículos.
INSERT INTO Autor_Articulo (idArticulo, rutAutor)
VALUES
-- Articulo 1 (1 autor)
(1, '12784711-8'),
-- Articulo 2 (1 autor)
(2, '7851907-k'),
-- Articulo 3 (2 autores)
(3, '6626931-0'),
(3, '18730136-k'),
-- Articulo 4 (1 autor)
(4, '20389858-4'),
-- Articulo 5 (3 autores)
(5, '13897445-6'),
(5, '11537054-5'),
(5, '15495065-6'),
-- Articulo 6 (1 autor)
(6, '16958982-8'),
-- Articulo 7 (1 autor)
(7, '11184968-4'),
-- Articulo 8 (1 autor)
(8, '21524024-k'),
-- Articulo 9 (1 autor)
(9, '7721536-0'),
-- Articulo 10 (1 autor)
(10, '15508179-1'),
-- Articulo 11 (2 autores)
(11, '19040001-8'),
(11, '10300942-1'),
-- Articulo 12 (1 autor)
(12, '6151693-k'),
-- Articulo 13 (1 autor)
(13, '24848500-0'),
-- Articulo 14 (1 autor)
(14, '8834065-5'),
-- Articulo 15 (1 autor)
(15, '18862167-8'),
-- Articulo 16 (1 autor)
(16, '14299631-6'),
-- Articulo 17 (3 autores)
(17, '21102704-5'),
(17, '7250092-k'),
(17, '15586203-3'),
-- Articulo 18 (1 autor)
(18, '11717028-4'),
-- Articulo 19 (1 autor)
(19, '16047569-2'),
-- Articulo 20 (2 autores)
(20, '19370563-4'),
(20, '6294110-3'),
-- Articulo 21 (1 autor)
(21, '24381031-0'),
-- Articulo 22 (1 autor)
(22, '11295166-0'),
-- Articulo 23 (1 autor)
(23, '10922681-5'),
-- Articulo 24 (1 autor)
(24, '19234720-3'),
-- Articulo 25 (1 autor)
(25, '5142618-5'),
-- Articulo 26 (1 autor)
(26, '14351480-3'),
-- Articulo 27 (2 autores)
(27, '11488158-9'),
(27, '21240939-1'),
-- Articulo 28 (1 autor)
(28, '8159144-k'),
-- Articulo 29 (1 autor)
(29, '18129350-0'),
-- Articulo 30 (1 autor)
(30, '12250473-5'),
-- Articulo 31 (3 autores)
(31, '15770732-9'),
(31, '20443173-6'),
(31, '7579633-1'),
-- Articulo 32 (1 autor)
(32, '14478233-k'),
-- Articulo 33 (1 autor)
(33, '22758347-9'),
-- Articulo 34 (1 autor)
(34, '10354030-5'),
-- Articulo 35 (1 autor)
(35, '21384878-k'),
-- Articulo 36 (2 autores)
(36, '16584471-8'),
(36, '24389689-4'),
-- Articulo 37 (1 autor)
(37, '19086228-3'),
-- Articulo 38 (1 autor)
(38, '21070883-9'),
-- Articulo 39 (1 autor)
(39, '23129419-8'),
-- Articulo 40 (1 autor)
(40, '11537054-5'),
-- Articulo 41 (1 autor)
(41, '15586203-3'),
-- Articulo 42 (1 autor)
(42, '15495065-6'),
-- Articulo 43 (2 autores)
(43, '19370563-4'),
(43, '11184968-4'),
-- Articulo 44 (1 autor)
(44, '11717028-4'),
-- Articulo 45 (1 autor)
(45, '21070883-9'),
-- Articulo 46 (1 autor)
(46, '14351480-3'),
-- Articulo 47 (3 autores)
(47, '24848500-0'),
(47, '16047569-2'),
(47, '6151693-k'),
-- Articulo 48 (1 autor)
(48, '12784711-8'),
-- Articulo 49 (1 autor)
(49, '18129350-0'),
-- Articulo 50 (1 autor)
(50, '15770732-9'),
-- Articulo 51 (1 autor)
(51, '10354030-5'),
-- Articulo 52 (1 autor)
(52, '22758347-9'),
-- Articulo 53 (2 autores)
(53, '11488158-9'),
(53, '5142618-5'),
-- Articulo 54 (1 autor)
(54, '19086228-3'),
-- Articulo 55 (1 autor)
(55, '14478233-k'),
-- Articulo 56 (1 autor)
(56, '7721536-0'),
-- Articulo 57 (3 autores)
(57, '11295166-0'),
(57, '15508179-1'),
(57, '18730136-k'),
-- Articulo 58 (1 autor)
(58, '21102704-5'),
-- Articulo 59 (1 autor)
(59, '16958982-8'),
-- Articulo 60 (1 autor)
(60, '10300942-1'),
-- Articulo 61 (2 autores)
(61, '8159144-k'),
(61, '21384878-k'),
-- Articulo 62 (1 autor)
(62, '14299631-6'),
-- Articulo 63 (1 autor)
(63, '18862167-8'),
-- Articulo 64 (1 autor)
(64, '12250473-5'),
-- Articulo 65 (1 autor)
(65, '21524024-k'),
-- Articulo 66 (1 autor)
(66, '6294110-3'),
-- Articulo 67 (3 autores)
(67, '19234720-3'),
(67, '10922681-5'),
(67, '7579633-1'),
-- Articulo 68 (1 autor)
(68, '15495065-6'),
-- Articulo 69 (1 autor)
(69, '11184968-4'),
-- Articulo 70 (2 autores)
(70, '24389689-4'),
(70, '8834065-5'),
-- Articulo 71 (1 autor)
(71, '13897445-6'),
-- Articulo 72 (1 autor)
(72, '7851907-k'),
-- Articulo 73 (1 autor)
(73, '19040001-8'),
-- Articulo 74 (1 autor)
(74, '20389858-4'),
-- Articulo 75 (1 autor)
(75, '6626931-0'),
-- Articulo 76 (1 autor)
(76, '21240939-1'),
-- Articulo 77 (2 autores)
(77, '16584471-8'),
(77, '12784711-8'),
-- Articulo 78 (1 autor)
(78, '20443173-6'),
-- Articulo 79 (1 autor)
(79, '24381031-0'),
-- Articulo 80 (1 autor)
(80, '11537054-5'),
-- Articulo 81 (1 autor)
(81, '10354030-5'),
-- Articulo 82 (3 autores)
(82, '7250092-k'),
(82, '15586203-3'),
(82, '14351480-3'),
-- Articulo 83 (1 autor)
(83, '23129419-8'),
-- Articulo 84 (1 autor)
(84, '15770732-9'),
-- Articulo 85 (1 autor)
(85, '16047569-2'),
-- Articulo 86 (1 autor)
(86, '18129350-0'),
-- Articulo 87 (2 autores)
(87, '11717028-4'),
(87, '6151693-k'),
-- Articulo 88 (1 autor)
(88, '24848500-0'),
-- Articulo 89 (1 autor)
(89, '14478233-k'),
-- Articulo 90 (1 autor)
(90, '19370563-4'),
-- Articulo 91 (1 autor)
(91, '5142618-5'),
-- Articulo 92 (1 autor)
(92, '19086228-3'),
-- Articulo 93 (1 autor)
(93, '11488158-9'),
-- Articulo 94 (2 autores)
(94, '22758347-9'),
(94, '10354030-5'),
-- Articulo 95 (1 autor)
(95, '11295166-0'),
-- Articulo 96 (1 autor)
(96, '15508179-1'),
-- Articulo 97 (3 autores)
(97, '18730136-k'),
(97, '16958982-8'),
(97, '8159144-k'),
-- Articulo 98 (1 autor)
(98, '10300942-1'),
-- Articulo 99 (1 autor)
(99, '21102704-5'),
-- Articulo 100 (1 autor)
(100, '14299631-6'),
-- Articulo 101 (1 autor)
(101, '18862167-8'),
-- Articulo 102 (1 autor)
(102, '21384878-k'),
-- Articulo 103 (2 autores)
(103, '12250473-5'),
(103, '6294110-3'),
-- Articulo 104 (1 autor)
(104, '21524024-k'),
-- Articulo 105 (1 autor)
(105, '15495065-6'),
-- Articulo 106 (1 autor)
(106, '7579633-1'),
-- Articulo 107 (3 autores)
(107, '10922681-5'),
(107, '21070883-9'),
(107, '11184968-4'),
-- Articulo 108 (1 autor)
(108, '24389689-4'),
-- Articulo 109 (1 autor)
(109, '8834065-5'),
-- Articulo 110 (1 autor)
(110, '19234720-3'),
-- Articulo 111 (2 autores)
(111, '13897445-6'),
(111, '7851907-k'),
-- Articulo 112 (1 autor)
(112, '19040001-8'),
-- Articulo 113 (1 autor)
(113, '6626931-0'),
-- Articulo 114 (1 autor)
(114, '20389858-4'),
-- Articulo 115 (1 autor)
(115, '21240939-1'),
-- Articulo 116 (1 autor)
(116, '16584471-8'),
-- Articulo 117 (3 autores)
(117, '20443173-6'),
(117, '24381031-0'),
(117, '7250092-k'),
-- Articulo 118 (1 autor)
(118, '15586203-3'),
-- Articulo 119 (1 autor)
(119, '14351480-3'),
-- Articulo 120 (2 autores)
(120, '15770732-9'),
(120, '18129350-0'),
-- Articulo 121 (1 autor)
(121, '11717028-4'),
-- Articulo 122 (1 autor)
(122, '6151693-k'),
-- Articulo 123 (1 autor)
(123, '16047569-2'),
-- Articulo 124 (1 autor)
(124, '24848500-0'),
-- Articulo 125 (1 autor)
(125, '14478233-k'),
-- Articulo 126 (1 autor)
(126, '19370563-4'),
-- Articulo 127 (2 autores)
(127, '5142618-5'),
(127, '10354030-5'),
-- Articulo 128 (1 autor)
(128, '19086228-3'),
-- Articulo 129 (1 autor)
(129, '11488158-9'),
-- Articulo 130 (1 autor)
(130, '22758347-9'),
-- Articulo 131 (1 autor)
(131, '11295166-0'),
-- Articulo 132 (3 autores)
(132, '15508179-1'),
(132, '18730136-k'),
(132, '11537054-5'),
-- Articulo 133 (1 autor)
(133, '16958982-8'),
-- Articulo 134 (1 autor)
(134, '10300942-1'),
-- Articulo 135 (1 autor)
(135, '8159144-k'),
-- Articulo 136 (1 autor)
(136, '21102704-5'),
-- Articulo 137 (2 autores)
(137, '14299631-6'),
(137, '21384878-k'),
-- Articulo 138 (1 autor)
(138, '18862167-8'),
-- Articulo 139 (1 autor)
(139, '12250473-5'),
-- Articulo 140 (1 autor)
(140, '6294110-3'),
-- Articulo 141 (1 autor)
(141, '21524024-k'),
-- Articulo 142 (1 autor)
(142, '7721536-0'),
-- Articulo 143 (1 autor)
(143, '15495065-6'),
-- Articulo 144 (2 autores)
(144, '7579633-1'),
(144, '10922681-5'),
-- Articulo 145 (1 autor)
(145, '21070883-9'),
-- Articulo 146 (1 autor)
(146, '11184968-4'),
-- Articulo 147 (3 autores)
(147, '24389689-4'),
(147, '8834065-5'),
(147, '19234720-3'),
-- Articulo 148 (1 autor)
(148, '13897445-6'),
-- Articulo 149 (1 autor)
(149, '7851907-k'),
-- Articulo 150 (1 autor)
(150, '19040001-8'),
-- Articulo 151 (1 autor)
(151, '6626931-0'),
-- Articulo 152 (1 autor)
(152, '20389858-4'),
-- Articulo 153 (2 autores)
(153, '21240939-1'),
(153, '16584471-8'),
-- Articulo 154 (1 autor)
(154, '20443173-6'),
-- Articulo 155 (1 autor)
(155, '24381031-0'),
-- Articulo 156 (1 autor)
(156, '7250092-k'),
-- Articulo 157 (3 autores)
(157, '15586203-3'),
(157, '14351480-3'),
(157, '12784711-8'),
-- Articulo 158 (1 autor)
(158, '15770732-9'),
-- Articulo 159 (1 autor)
(159, '18129350-0'),
-- Articulo 160 (1 autor)
(160, '11717028-4'),
-- Articulo 161 (2 autores)
(161, '6151693-k'),
(161, '16047569-2'),
-- Articulo 162 (1 autor)
(162, '24848500-0'),
-- Articulo 163 (1 autor)
(163, '14478233-k'),
-- Articulo 164 (1 autor)
(164, '19370563-4'),
-- Articulo 165 (1 autor)
(165, '5142618-5'),
-- Articulo 166 (1 autor)
(166, '10354030-5'),
-- Articulo 167 (3 autores)
(167, '19086228-3'),
(167, '11488158-9'),
(167, '23129419-8'),
-- Articulo 168 (1 autor)
(168, '22758347-9'),
-- Articulo 169 (1 autor)
(169, '11295166-0'),
-- Articulo 170 (2 autores)
(170, '15508179-1'),
(170, '18730136-k'),
-- Articulo 171 (1 autor)
(171, '16958982-8'),
-- Articulo 172 (1 autor)
(172, '10300942-1'),
-- Articulo 173 (1 autor)
(173, '8159144-k'),
-- Articulo 174 (1 autor)
(174, '21102704-5'),
-- Articulo 175 (1 autor)
(175, '14299631-6'),
-- Articulo 176 (1 autor)
(176, '18862167-8'),
-- Articulo 177 (2 autores)
(177, '12250473-5'),
(177, '21384878-k'),
-- Articulo 178 (1 autor)
(178, '6294110-3'),
-- Articulo 179 (1 autor)
(179, '21524024-k'),
-- Articulo 180 (1 autor)
(180, '7721536-0'),
-- Articulo 181 (1 autor)
(181, '15495065-6'),
-- Articulo 182 (3 autores)
(182, '7579633-1'),
(182, '10922681-5'),
(182, '11537054-5'),
-- Articulo 183 (1 autor)
(183, '21070883-9'),
-- Articulo 184 (1 autor)
(184, '11184968-4'),
-- Articulo 185 (1 autor)
(185, '24389689-4'),
-- Articulo 186 (1 autor)
(186, '8834065-5'),
-- Articulo 187 (2 autores)
(187, '19234720-3'),
(187, '13897445-6'),
-- Articulo 188 (1 autor)
(188, '7851907-k'),
-- Articulo 189 (1 autor)
(189, '19040001-8'),
-- Articulo 190 (1 autor)
(190, '6626931-0'),
-- Articulo 191 (1 autor)
(191, '20389858-4'),
-- Articulo 192 (1 autor)
(192, '21240939-1'),
-- Articulo 193 (1 autor)
(193, '16584471-8'),
-- Articulo 194 (2 autores)
(194, '20443173-6'),
(194, '24381031-0'),
-- Articulo 195 (1 autor)
(195, '7250092-k'),
-- Articulo 196 (1 autor)
(196, '15586203-3'),
-- Articulo 197 (3 autores)
(197, '14351480-3'),
(197, '15770732-9'),
(197, '12784711-8'),
-- Articulo 198 (1 autor)
(198, '18129350-0'),
-- Articulo 199 (1 autor)
(199, '11717028-4'),
-- Articulo 200 (1 autor)
(200, '6151693-k'),
-- Articulo 201 (1 autor)
(201, '16047569-2'),
-- Articulo 202 (1 autor)
(202, '24848500-0'),
-- Articulo 203 (2 autores)
(203, '14478233-k'),
(203, '19370563-4'),
-- Articulo 204 (1 autor)
(204, '5142618-5'),
-- Articulo 205 (1 autor)
(205, '10354030-5'),
-- Articulo 206 (1 autor)
(206, '19086228-3'),
-- Articulo 207 (3 autores)
(207, '11488158-9'),
(207, '23129419-8'),
(207, '22758347-9'),
-- Articulo 208 (1 autor)
(208, '11295166-0'),
-- Articulo 209 (1 autor)
(209, '15508179-1'),
-- Articulo 210 (1 autor)
(210, '18730136-k'),
-- Articulo 211 (2 autores)
(211, '16958982-8'),
(211, '10300942-1'),
-- Articulo 212 (1 autor)
(212, '8159144-k'),
-- Articulo 213 (1 autor)
(213, '21102704-5'),
-- Articulo 214 (1 autor)
(214, '14299631-6'),
-- Articulo 215 (1 autor)
(215, '18862167-8'),
-- Articulo 216 (1 autor)
(216, '12250473-5'),
-- Articulo 217 (3 autores)
(217, '21384878-k'),
(217, '6294110-3'),
(217, '21524024-k'),
-- Articulo 218 (1 autor)
(218, '7721536-0'),
-- Articulo 219 (1 autor)
(219, '15495065-6'),
-- Articulo 220 (2 autores)
(220, '7579633-1'),
(220, '10922681-5'),
-- Articulo 221 (1 autor)
(221, '21070883-9'),
-- Articulo 222 (1 autor)
(222, '11184968-4'),
-- Articulo 223 (1 autor)
(223, '24389689-4'),
-- Articulo 224 (1 autor)
(224, '8834065-5'),
-- Articulo 225 (1 autor)
(225, '19234720-3'),
-- Articulo 226 (1 autor)
(226, '13897445-6'),
-- Articulo 227 (2 autores)
(227, '7851907-k'),
(227, '19040001-8'),
-- Articulo 228 (1 autor)
(228, '6626931-0'),
-- Articulo 229 (1 autor)
(229, '20389858-4'),
-- Articulo 230 (1 autor)
(230, '21240939-1'),
-- Articulo 231 (1 autor)
(231, '16584471-8'),
-- Articulo 232 (3 autores)
(232, '20443173-6'),
(232, '24381031-0'),
(232, '7250092-k'),
-- Articulo 233 (1 autor)
(233, '15586203-3'),
-- Articulo 234 (1 autor)
(234, '14351480-3'),
-- Articulo 235 (1 autor)
(235, '15770732-9'),
-- Articulo 236 (1 autor)
(236, '18129350-0'),
-- Articulo 237 (2 autores)
(237, '11717028-4'),
(237, '6151693-k'),
-- Articulo 238 (1 autor)
(238, '16047569-2'),
-- Articulo 239 (1 autor)
(239, '24848500-0'),
-- Articulo 240 (1 autor)
(240, '14478233-k'),
-- Articulo 241 (1 autor)
(241, '19370563-4'),
-- Articulo 242 (1 autor)
(242, '5142618-5'),
-- Articulo 243 (1 autor)
(243, '10354030-5'),
-- Articulo 244 (2 autores)
(244, '19086228-3'),
(244, '11488158-9'),
-- Articulo 245 (1 autor)
(245, '23129419-8'),
-- Articulo 246 (1 autor)
(246, '22758347-9'),
-- Articulo 247 (3 autores)
(247, '11295166-0'),
(247, '15508179-1'),
(247, '18730136-k'),
-- Articulo 248 (1 autor)
(248, '16958982-8'),
-- Articulo 249 (1 autor)
(249, '10300942-1'),
-- Articulo 250 (1 autor)
(250, '8159144-k'),
-- Articulo 251 (1 autor)
(251, '21102704-5'),
-- Articulo 252 (2 autores)
(252, '14299631-6'),
(252, '18862167-8'),
-- Articulo 253 (1 autor)
(253, '12250473-5'),
-- Articulo 254 (1 autor)
(254, '21384878-k'),
-- Articulo 255 (1 autor)
(255, '6294110-3'),
-- Articulo 256 (1 autor)
(256, '21524024-k'),
-- Articulo 257 (1 autor)
(257, '7721536-0'),
-- Articulo 258 (3 autores)
(258, '15495065-6'),
(258, '7579633-1'),
(258, '10922681-5'),
-- Articulo 259 (1 autor)
(259, '21070883-9'),
-- Articulo 260 (1 autor)
(260, '11184968-4'),
-- Articulo 261 (1 autor)
(261, '24389689-4'),
-- Articulo 262 (1 autor)
(262, '8834065-5'),
-- Articulo 263 (2 autores)
(263, '19234720-3'),
(263, '13897445-6'),
-- Articulo 264 (1 autor)
(264, '7851907-k'),
-- Articulo 265 (1 autor)
(265, '19040001-8'),
-- Articulo 266 (1 autor)
(266, '6626931-0'),
-- Articulo 267 (1 autor)
(267, '20389858-4'),
-- Articulo 268 (1 autor)
(268, '21240939-1'),
-- Articulo 269 (1 autor)
(269, '16584471-8'),
-- Articulo 270 (2 autores)
(270, '20443173-6'),
(270, '24381031-0'),
-- Articulo 271 (1 autor)
(271, '7250092-k'),
-- Articulo 272 (1 autor)
(272, '15586203-3'),
-- Articulo 273 (3 autores)
(273, '14351480-3'),
(273, '15770732-9'),
(273, '18129350-0'),
-- Articulo 274 (1 autor)
(274, '11717028-4'),
-- Articulo 275 (1 autor)
(275, '6151693-k'),
-- Articulo 276 (1 autor)
(276, '16047569-2'),
-- Articulo 277 (1 autor)
(277, '24848500-0'),
-- Articulo 278 (1 autor)
(278, '14478233-k'),
-- Articulo 279 (2 autores)
(279, '19370563-4'),
(279, '5142618-5'),
-- Articulo 280 (1 autor)
(280, '10354030-5'),
-- Articulo 281 (1 autor)
(281, '19086228-3'),
-- Articulo 282 (1 autor)
(282, '11488158-9'),
-- Articulo 283 (1 autor)
(283, '23129419-8'),
-- Articulo 284 (1 autor)
(284, '22758347-9'),
-- Articulo 285 (1 autor)
(285, '11295166-0'),
-- Articulo 286 (2 autores)
(286, '15508179-1'),
(286, '18730136-k'),
-- Articulo 287 (1 autor)
(287, '16958982-8'),
-- Articulo 288 (1 autor)
(288, '10300942-1'),
-- Articulo 289 (1 autor)
(289, '8159144-k'),
-- Articulo 290 (1 autor)
(290, '21102704-5'),
-- Articulo 291 (3 autores)
(291, '14299631-6'),
(291, '18862167-8'),
(291, '12250473-5'),
-- Articulo 292 (1 autor)
(292, '21384878-k'),
-- Articulo 293 (1 autor)
(293, '6294110-3'),
-- Articulo 294 (1 autor)
(294, '21524024-k'),
-- Articulo 295 (1 autor)
(295, '7721536-0'),
-- Articulo 296 (1 autor)
(296, '15495065-6'),
-- Articulo 297 (1 autor)
(297, '7579633-1'),
-- Articulo 298 (2 autores)
(298, '10922681-5'),
(298, '21070883-9'),
-- Articulo 299 (1 autor)
(299, '11184968-4'),
-- Articulo 300 (1 autor)
(300, '24389689-4'),
-- Articulo 301 (1 autor)
(301, '8834065-5'),
-- Articulo 302 (1 autor)
(302, '19234720-3'),
-- Articulo 303 (2 autores)
(303, '13897445-6'),
(303, '7851907-k'),
-- Articulo 304 (1 autor)
(304, '19040001-8'),
-- Articulo 305 (1 autor)
(305, '6626931-0'),
-- Articulo 306 (1 autor)
(306, '20389858-4'),
-- Articulo 307 (3 autores)
(307, '21240939-1'),
(307, '16584471-8'),
(307, '20443173-6'),
-- Articulo 308 (1 autor)
(308, '24381031-0'),
-- Articulo 309 (1 autor)
(309, '7250092-k'),
-- Articulo 310 (1 autor)
(310, '15586203-3'),
-- Articulo 311 (2 autores)
(311, '14351480-3'),
(311, '15770732-9'),
-- Articulo 312 (1 autor)
(312, '18129350-0'),
-- Articulo 313 (1 autor)
(313, '11717028-4'),
-- Articulo 314 (1 autor)
(314, '6151693-k'),
-- Articulo 315 (1 autor)
(315, '16047569-2'),
-- Articulo 316 (1 autor)
(316, '24848500-0'),
-- Articulo 317 (3 autores)
(317, '14478233-k'),
(317, '19370563-4'),
(317, '5142618-5'),
-- Articulo 318 (1 autor)
(318, '10354030-5'),
-- Articulo 319 (1 autor)
(319, '19086228-3'),
-- Articulo 320 (2 autores)
(320, '11488158-9'),
(320, '23129419-8'),
-- Articulo 321 (1 autor)
(321, '22758347-9'),
-- Articulo 322 (1 autor)
(322, '11295166-0'),
-- Articulo 323 (1 autor)
(323, '15508179-1'),
-- Articulo 324 (1 autor)
(324, '18730136-k'),
-- Articulo 325 (1 autor)
(325, '16958982-8'),
-- Articulo 326 (1 autor)
(326, '10300942-1'),
-- Articulo 327 (2 autores)
(327, '8159144-k'),
(327, '21102704-5'),
-- Articulo 328 (1 autor)
(328, '14299631-6'),
-- Articulo 329 (1 autor)
(329, '18862167-8'),
-- Articulo 330 (1 autor)
(330, '12250473-5'),
-- Articulo 331 (1 autor)
(331, '21384878-k'),
-- Articulo 332 (3 autores)
(332, '6294110-3'),
(332, '21524024-k'),
(332, '7721536-0'),
-- Articulo 333 (1 autor)
(333, '15495065-6'),
-- Articulo 334 (1 autor)
(334, '7579633-1'),
-- Articulo 335 (1 autor)
(335, '10922681-5'),
-- Articulo 336 (1 autor)
(336, '21070883-9'),
-- Articulo 337 (2 autores)
(337, '11184968-4'),
(337, '24389689-4'),
-- Articulo 338 (1 autor)
(338, '8834065-5'),
-- Articulo 339 (1 autor)
(339, '19234720-3'),
-- Articulo 340 (1 autor)
(340, '13897445-6'),
-- Articulo 341 (1 autor)
(341, '7851907-k'),
-- Articulo 342 (1 autor)
(342, '19040001-8'),
-- Articulo 343 (1 autor)
(343, '6626931-0'),
-- Articulo 344 (2 autores)
(344, '20389858-4'),
(344, '21240939-1'),
-- Articulo 345 (1 autor)
(345, '16584471-8'),
-- Articulo 346 (1 autor)
(346, '20443173-6'),
-- Articulo 347 (3 autores)
(347, '24381031-0'),
(347, '7250092-k'),
(347, '15586203-3'),
-- Articulo 348 (1 autor)
(348, '14351480-3'),
-- Articulo 349 (1 autor)
(349, '15770732-9'),
-- Articulo 350 (1 autor)
(350, '18129350-0'),
-- Articulo 351 (1 autor)
(351, '11717028-4'),
-- Articulo 352 (1 autor)
(352, '6151693-k'),
-- Articulo 353 (1 autor)
(353, '16047569-2'),
-- Articulo 354 (2 autores)
(354, '24848500-0'),
(354, '14478233-k'),
-- Articulo 355 (1 autor)
(355, '19370563-4'),
-- Articulo 356 (1 autor)
(356, '5142618-5'),
-- Articulo 357 (3 autores)
(357, '10354030-5'),
(357, '19086228-3'),
(357, '11488158-9'),
-- Articulo 358 (1 autor)
(358, '23129419-8'),
-- Articulo 359 (1 autor)
(359, '22758347-9'),
-- Articulo 360 (1 autor)
(360, '11295166-0'),
-- Articulo 361 (1 autor)
(361, '15508179-1'),
-- Articulo 362 (1 autor)
(362, '18730136-k'),
-- Articulo 363 (1 autor)
(363, '16958982-8'),
-- Articulo 364 (2 autores)
(364, '10300942-1'),
(364, '8159144-k'),
-- Articulo 365 (1 autor)
(365, '21102704-5'),
-- Articulo 366 (1 autor)
(366, '14299631-6'),
-- Articulo 367 (3 autores)
(367, '18862167-8'),
(367, '12250473-5'),
(367, '21384878-k'),
-- Articulo 368 (1 autor)
(368, '6294110-3'),
-- Articulo 369 (1 autor)
(369, '21524024-k'),
-- Articulo 370 (1 autor)
(370, '7721536-0'),
-- Articulo 371 (1 autor)
(371, '15495065-6'),
-- Articulo 372 (1 autor)
(372, '7579633-1'),
-- Articulo 373 (1 autor)
(373, '10922681-5'),
-- Articulo 374 (2 autores)
(374, '21070883-9'),
(374, '11184968-4'),
-- Articulo 375 (1 autor)
(375, '24389689-4'),
-- Articulo 376 (1 autor)
(376, '8834065-5'),
-- Articulo 377 (3 autores)
(377, '19234720-3'),
(377, '13897445-6'),
(377, '7851907-k'),
-- Articulo 378 (1 autor)
(378, '19040001-8'),
-- Articulo 379 (1 autor)
(379, '6626931-0'),
-- Articulo 380 (1 autor)
(380, '20389858-4'),
-- Articulo 381 (1 autor)
(381, '21240939-1'),
-- Articulo 382 (1 autor)
(382, '16584471-8'),
-- Articulo 383 (1 autor)
(383, '20443173-6'),
-- Articulo 384 (2 autores)
(384, '24381031-0'),
(384, '7250092-k'),
-- Articulo 385 (1 autor)
(385, '15586203-3'),
-- Articulo 386 (1 autor)
(386, '14351480-3'),
-- Articulo 387 (3 autores)
(387, '15770732-9'),
(387, '18129350-0'),
(387, '11717028-4'),
-- Articulo 388 (1 autor)
(388, '6151693-k'),
-- Articulo 389 (1 autor)
(389, '16047569-2'),
-- Articulo 390 (1 autor)
(390, '24848500-0'),
-- Articulo 391 (1 autor)
(391, '14478233-k'),
-- Articulo 392 (1 autor)
(392, '19370563-4'),
-- Articulo 393 (1 autor)
(393, '5142618-5'),
-- Articulo 394 (2 autores)
(394, '10354030-5'),
(394, '19086228-3'),
-- Articulo 395 (1 autor)
(395, '11488158-9'),
-- Articulo 396 (1 autor)
(396, '23129419-8'),
-- Articulo 397 (3 autores)
(397, '22758347-9'),
(397, '11295166-0'),
(397, '15508179-1'),
-- Articulo 398 (1 autor)
(398, '18730136-k'),
-- Articulo 399 (1 autor)
(399, '16958982-8'),
-- Articulo 400 (1 autor)
(400, '10300942-1');